account_id,customer_id,account_type,account_number,branch_code,branch_city,open_date,status,interest_rate,credit_limit
2001,1001,Savings,ACC002001,DEL001,Delhi,2016-08-17,Active,3.5,
2002,1001,Loan,ACC002002,KOL001,Kolkata,2023-06-11,Closed,12.62,
2003,1002,CC,ACC002003,BLR001,Bangalore,2017-05-13,Active,36.0,100000
2004,1003,Savings,ACC002004,BLR001,Bangalore,2020-03-15,Active,3.5,
2005,1003,Current,ACC002005,JAI001,Jaipur,2017-08-15,Active,2.0,500000
2006,1004,Current,ACC002006,AHM001,Ahmedabad,2015-02-18,Active,2.0,500000
2007,1005,Current,ACC002007,DEL001,Delhi,2020-12-16,Active,2.0,500000
2008,1005,Savings,ACC002008,LKN001,Lucknow,2022-04-24,Dormant,3.5,
2009,1006,Savings,ACC002009,HYD001,Hyderabad,2022-05-04,Active,3.5,
2010,1007,FD,ACC002010,JAI001,Jaipur,2018-10-14,Active,6.8,
2011,1007,Current,ACC002011,PUN001,Pune,2021-02-21,Active,2.0,300000
2012,1008,Savings,ACC002012,JAI001,Jaipur,2016-03-01,Active,3.5,
2013,1009,Loan,ACC002013,MUM001,Mumbai,2015-04-08,Active,8.34,
2014,1009,FD,ACC002014,LKN001,Lucknow,2022-05-13,Dormant,6.8,
2015,1010,Savings,ACC002015,DEL001,Delhi,2015-12-20,Dormant,3.5,
2016,1011,Current,ACC002016,DEL001,Delhi,2022-10-20,Active,2.0,1000000
2017,1011,FD,ACC002017,DEL001,Delhi,2022-03-01,Active,6.8,
2018,1012,Loan,ACC002018,BLR001,Bangalore,2023-10-03,Active,12.66,
2019,1012,Current,ACC002019,AHM001,Ahmedabad,2019-05-11,Active,2.0,500000
2020,1013,Savings,ACC002020,KOL001,Kolkata,2017-04-01,Active,3.5,
2021,1014,FD,ACC002021,JAI001,Jaipur,2023-08-15,Active,6.8,
2022,1015,CC,ACC002022,HYD001,Hyderabad,2016-02-28,Active,36.0,300000
2023,1016,Savings,ACC002023,BLR001,Bangalore,2022-04-28,Active,3.5,
2024,1016,CC,ACC002024,AHM001,Ahmedabad,2017-12-27,Active,36.0,500000
2025,1017,Current,ACC002025,KOL001,Kolkata,2020-05-12,Active,2.0,300000
2026,1018,Savings,ACC002026,AHM001,Ahmedabad,2022-09-24,Active,3.5,
2027,1019,Loan,ACC002027,PUN001,Pune,2022-08-24,Active,8.33,
2028,1020,Savings,ACC002028,JAI001,Jaipur,2018-10-24,Active,3.5,
2029,1020,Loan,ACC002029,HYD001,Hyderabad,2022-04-07,Active,11.33,
2030,1021,FD,ACC002030,AHM001,Ahmedabad,2016-03-13,Active,6.8,
2031,1021,Loan,ACC002031,DEL001,Delhi,2022-02-04,Active,9.14,
2032,1022,Savings,ACC002032,LKN001,Lucknow,2017-09-03,Active,3.5,
2033,1023,Loan,ACC002033,KOL001,Kolkata,2020-12-27,Closed,12.87,
2034,1024,Savings,ACC002034,PUN001,Pune,2015-08-18,Active,3.5,
2035,1024,Current,ACC002035,AHM001,Ahmedabad,2016-04-29,Active,2.0,1000000
2036,1025,Current,ACC002036,BLR001,Bangalore,2023-04-24,Active,2.0,300000
2037,1026,CC,ACC002037,KOL001,Kolkata,2021-12-07,Active,36.0,200000
2038,1026,Savings,ACC002038,MUM001,Mumbai,2016-12-06,Active,3.5,
2039,1027,Savings,ACC002039,LKN001,Lucknow,2016-11-30,Active,3.5,
2040,1027,CC,ACC002040,DEL001,Delhi,2016-04-12,Active,36.0,200000
2041,1028,FD,ACC002041,AHM001,Ahmedabad,2018-10-13,Active,6.8,
2042,1029,Loan,ACC002042,LKN001,Lucknow,2021-02-13,Active,13.02,
2043,1029,Savings,ACC002043,CHN001,Chennai,2023-07-28,Active,3.5,
2044,1030,Loan,ACC002044,BLR001,Bangalore,2023-06-30,Active,12.18,
2045,1031,CC,ACC002045,CHN001,Chennai,2021-07-11,Active,36.0,500000
2046,1032,Savings,ACC002046,DEL001,Delhi,2015-01-27,Active,3.5,
2047,1032,CC,ACC002047,LKN001,Lucknow,2018-03-08,Active,36.0,500000
2048,1033,FD,ACC002048,HYD001,Hyderabad,2020-11-12,Active,6.8,
2049,1033,Current,ACC002049,BLR001,Bangalore,2021-11-05,Active,2.0,1000000
2050,1034,Savings,ACC002050,HYD001,Hyderabad,2018-11-25,Active,3.5,
2051,1035,Current,ACC002051,DEL001,Delhi,2021-12-10,Active,2.0,1000000
2052,1036,CC,ACC002052,CHN001,Chennai,2018-02-06,Active,36.0,200000
2053,1037,CC,ACC002053,BLR001,Bangalore,2016-10-16,Active,36.0,300000
2054,1037,Current,ACC002054,HYD001,Hyderabad,2017-05-08,Active,2.0,500000
2055,1038,Savings,ACC002055,JAI001,Jaipur,2016-12-21,Active,3.5,
2056,1039,Savings,ACC002056,CHN001,Chennai,2023-02-02,Active,3.5,
2057,1040,Loan,ACC002057,CHN001,Chennai,2023-09-26,Active,9.37,
2058,1041,CC,ACC002058,CHN001,Chennai,2019-03-19,Dormant,36.0,500000
2059,1042,CC,ACC002059,BLR001,Bangalore,2017-06-04,Dormant,36.0,500000
2060,1043,CC,ACC002060,CHN001,Chennai,2022-02-01,Active,36.0,300000
2061,1044,Current,ACC002061,MUM001,Mumbai,2018-02-23,Active,2.0,500000
2062,1045,Loan,ACC002062,CHN001,Chennai,2018-04-23,Active,12.74,
2063,1046,Current,ACC002063,LKN001,Lucknow,2021-03-14,Dormant,2.0,1000000
2064,1046,FD,ACC002064,KOL001,Kolkata,2017-06-05,Active,6.8,
2065,1047,CC,ACC002065,CHN001,Chennai,2017-10-12,Active,36.0,200000
2066,1048,Savings,ACC002066,MUM001,Mumbai,2015-06-14,Closed,3.5,
2067,1048,CC,ACC002067,JAI001,Jaipur,2015-05-18,Active,36.0,100000
2068,1049,FD,ACC002068,DEL001,Delhi,2021-04-06,Active,6.8,
2069,1050,FD,ACC002069,BLR001,Bangalore,2019-01-08,Active,6.8,
2070,1051,CC,ACC002070,HYD001,Hyderabad,2016-10-24,Active,36.0,100000
2071,1052,CC,ACC002071,AHM001,Ahmedabad,2017-01-27,Active,36.0,500000
2072,1052,FD,ACC002072,MUM001,Mumbai,2022-01-13,Active,6.8,
2073,1053,Savings,ACC002073,HYD001,Hyderabad,2019-10-11,Active,3.5,
2074,1054,Current,ACC002074,DEL001,Delhi,2021-12-16,Dormant,2.0,300000
2075,1054,FD,ACC002075,JAI001,Jaipur,2022-07-26,Active,6.8,
2076,1055,CC,ACC002076,LKN001,Lucknow,2015-06-17,Active,36.0,100000
2077,1056,FD,ACC002077,BLR001,Bangalore,2018-10-03,Active,6.8,
2078,1057,Current,ACC002078,CHN001,Chennai,2023-06-12,Active,2.0,500000
2079,1058,Current,ACC002079,HYD001,Hyderabad,2015-08-12,Active,2.0,500000
2080,1058,CC,ACC002080,JAI001,Jaipur,2020-11-27,Active,36.0,300000
2081,1059,Loan,ACC002081,DEL001,Delhi,2017-02-10,Dormant,10.75,
2082,1060,FD,ACC002082,HYD001,Hyderabad,2015-11-12,Active,6.8,
2083,1061,CC,ACC002083,CHN001,Chennai,2020-11-02,Closed,36.0,500000
2084,1061,FD,ACC002084,JAI001,Jaipur,2016-06-24,Active,6.8,
2085,1062,Savings,ACC002085,CHN001,Chennai,2015-09-15,Active,3.5,
2086,1062,Loan,ACC002086,JAI001,Jaipur,2022-03-25,Active,11.47,
2087,1063,Loan,ACC002087,LKN001,Lucknow,2022-06-20,Active,13.05,
2088,1063,CC,ACC002088,KOL001,Kolkata,2020-02-19,Active,36.0,300000
2089,1064,Loan,ACC002089,CHN001,Chennai,2020-06-06,Active,9.73,
2090,1065,FD,ACC002090,HYD001,Hyderabad,2020-02-11,Closed,6.8,
2091,1065,Loan,ACC002091,BLR001,Bangalore,2022-12-25,Active,9.09,
2092,1066,FD,ACC002092,BLR001,Bangalore,2017-09-01,Active,6.8,
2093,1067,CC,ACC002093,HYD001,Hyderabad,2019-02-23,Active,36.0,100000
2094,1068,Loan,ACC002094,PUN001,Pune,2020-01-11,Active,8.98,
2095,1068,FD,ACC002095,HYD001,Hyderabad,2016-05-12,Dormant,6.8,
2096,1069,FD,ACC002096,KOL001,Kolkata,2018-08-04,Active,6.8,
2097,1070,Current,ACC002097,PUN001,Pune,2022-04-05,Active,2.0,500000
2098,1071,Current,ACC002098,LKN001,Lucknow,2023-03-04,Dormant,2.0,1000000
2099,1071,FD,ACC002099,DEL001,Delhi,2023-03-16,Active,6.8,
2100,1072,Savings,ACC002100,MUM001,Mumbai,2019-07-04,Active,3.5,
2101,1072,Loan,ACC002101,PUN001,Pune,2016-01-14,Active,11.65,
2102,1073,Current,ACC002102,CHN001,Chennai,2023-10-06,Dormant,2.0,300000
2103,1074,CC,ACC002103,DEL001,Delhi,2020-09-27,Active,36.0,100000
2104,1075,Loan,ACC002104,BLR001,Bangalore,2023-01-11,Dormant,10.22,
2105,1075,CC,ACC002105,PUN001,Pune,2015-02-19,Active,36.0,500000
2106,1076,Savings,ACC002106,KOL001,Kolkata,2023-04-26,Closed,3.5,
2107,1076,FD,ACC002107,HYD001,Hyderabad,2016-11-01,Active,6.8,
2108,1077,CC,ACC002108,BLR001,Bangalore,2021-08-02,Active,36.0,300000
2109,1078,Current,ACC002109,PUN001,Pune,2015-09-28,Dormant,2.0,500000
2110,1079,CC,ACC002110,HYD001,Hyderabad,2019-08-25,Active,36.0,200000
2111,1080,CC,ACC002111,HYD001,Hyderabad,2021-03-18,Active,36.0,300000
2112,1081,Loan,ACC002112,JAI001,Jaipur,2023-04-19,Active,8.16,
2113,1081,CC,ACC002113,MUM001,Mumbai,2016-09-22,Active,36.0,500000
2114,1082,Loan,ACC002114,AHM001,Ahmedabad,2017-01-04,Active,12.13,
2115,1083,Savings,ACC002115,HYD001,Hyderabad,2020-07-12,Closed,3.5,
2116,1084,Current,ACC002116,LKN001,Lucknow,2019-11-22,Dormant,2.0,500000
2117,1084,CC,ACC002117,DEL001,Delhi,2019-03-09,Active,36.0,300000
2118,1085,Savings,ACC002118,BLR001,Bangalore,2018-08-02,Active,3.5,
2119,1086,Savings,ACC002119,HYD001,Hyderabad,2019-01-19,Active,3.5,
2120,1087,Loan,ACC002120,HYD001,Hyderabad,2020-12-09,Active,8.46,
2121,1088,FD,ACC002121,DEL001,Delhi,2021-09-18,Active,6.8,
2122,1089,Loan,ACC002122,PUN001,Pune,2016-01-28,Active,10.11,
2123,1089,Current,ACC002123,BLR001,Bangalore,2015-02-22,Active,2.0,500000
2124,1090,FD,ACC002124,DEL001,Delhi,2017-06-11,Active,6.8,
2125,1091,Current,ACC002125,LKN001,Lucknow,2022-09-25,Active,2.0,1000000
2126,1092,Savings,ACC002126,KOL001,Kolkata,2015-11-09,Active,3.5,
2127,1092,CC,ACC002127,MUM001,Mumbai,2020-05-18,Active,36.0,200000
2128,1093,Current,ACC002128,BLR001,Bangalore,2022-12-17,Active,2.0,300000
2129,1093,Loan,ACC002129,CHN001,Chennai,2016-06-11,Dormant,8.85,
2130,1094,FD,ACC002130,CHN001,Chennai,2016-06-17,Closed,6.8,
2131,1095,Savings,ACC002131,MUM001,Mumbai,2023-09-09,Active,3.5,
2132,1095,Current,ACC002132,CHN001,Chennai,2016-03-17,Active,2.0,1000000
2133,1096,Savings,ACC002133,HYD001,Hyderabad,2015-06-27,Active,3.5,
2134,1097,Savings,ACC002134,LKN001,Lucknow,2017-03-30,Active,3.5,
2135,1097,FD,ACC002135,DEL001,Delhi,2016-08-19,Active,6.8,
2136,1098,Loan,ACC002136,BLR001,Bangalore,2020-08-12,Active,11.68,
2137,1098,Current,ACC002137,JAI001,Jaipur,2021-05-24,Active,2.0,300000
2138,1099,FD,ACC002138,HYD001,Hyderabad,2016-12-04,Dormant,6.8,
2139,1100,Savings,ACC002139,JAI001,Jaipur,2022-12-08,Active,3.5,
2140,1100,FD,ACC002140,BLR001,Bangalore,2019-12-06,Active,6.8,
2141,1101,CC,ACC002141,CHN001,Chennai,2020-10-07,Active,36.0,300000
2142,1101,Current,ACC002142,DEL001,Delhi,2020-03-23,Active,2.0,500000
2143,1102,Current,ACC002143,DEL001,Delhi,2018-09-05,Active,2.0,500000
2144,1102,Savings,ACC002144,LKN001,Lucknow,2023-04-04,Active,3.5,
2145,1103,Current,ACC002145,AHM001,Ahmedabad,2018-04-05,Closed,2.0,300000
2146,1104,CC,ACC002146,BLR001,Bangalore,2015-02-22,Closed,36.0,100000
2147,1104,Loan,ACC002147,AHM001,Ahmedabad,2019-11-30,Active,12.06,
2148,1105,CC,ACC002148,AHM001,Ahmedabad,2022-10-17,Active,36.0,200000
2149,1106,FD,ACC002149,PUN001,Pune,2017-03-31,Active,6.8,
2150,1107,CC,ACC002150,KOL001,Kolkata,2018-02-14,Active,36.0,300000
2151,1108,CC,ACC002151,KOL001,Kolkata,2022-06-23,Active,36.0,500000
2152,1108,Loan,ACC002152,JAI001,Jaipur,2018-02-16,Active,10.73,
2153,1109,CC,ACC002153,KOL001,Kolkata,2017-08-03,Active,36.0,100000
2154,1110,Savings,ACC002154,MUM001,Mumbai,2017-01-03,Active,3.5,
2155,1110,CC,ACC002155,BLR001,Bangalore,2018-05-25,Active,36.0,100000
2156,1111,Current,ACC002156,KOL001,Kolkata,2017-04-07,Active,2.0,1000000
2157,1111,CC,ACC002157,HYD001,Hyderabad,2021-01-30,Active,36.0,100000
2158,1112,Savings,ACC002158,DEL001,Delhi,2019-04-21,Active,3.5,
2159,1112,CC,ACC002159,KOL001,Kolkata,2020-02-26,Active,36.0,300000
2160,1113,FD,ACC002160,AHM001,Ahmedabad,2016-07-04,Active,6.8,
2161,1113,CC,ACC002161,DEL001,Delhi,2021-05-19,Active,36.0,500000
2162,1114,FD,ACC002162,JAI001,Jaipur,2015-08-17,Active,6.8,
2163,1115,Current,ACC002163,HYD001,Hyderabad,2018-08-05,Active,2.0,300000
2164,1115,Loan,ACC002164,PUN001,Pune,2018-11-29,Active,11.5,
2165,1116,Loan,ACC002165,DEL001,Delhi,2019-10-20,Active,10.14,
2166,1116,CC,ACC002166,PUN001,Pune,2015-08-20,Active,36.0,300000
2167,1117,Savings,ACC002167,HYD001,Hyderabad,2016-04-13,Active,3.5,
2168,1118,CC,ACC002168,AHM001,Ahmedabad,2021-05-15,Active,36.0,100000
2169,1119,Current,ACC002169,PUN001,Pune,2019-03-28,Active,2.0,300000
2170,1119,Savings,ACC002170,KOL001,Kolkata,2016-02-14,Active,3.5,
2171,1120,Loan,ACC002171,BLR001,Bangalore,2021-11-23,Active,13.82,
2172,1121,Savings,ACC002172,JAI001,Jaipur,2017-05-26,Active,3.5,
2173,1122,CC,ACC002173,LKN001,Lucknow,2023-05-01,Closed,36.0,100000
2174,1122,FD,ACC002174,LKN001,Lucknow,2018-10-11,Active,6.8,
2175,1123,CC,ACC002175,CHN001,Chennai,2018-11-23,Active,36.0,300000
2176,1124,Loan,ACC002176,AHM001,Ahmedabad,2022-06-10,Active,9.2,
2177,1125,Current,ACC002177,JAI001,Jaipur,2020-01-31,Active,2.0,300000
2178,1126,Current,ACC002178,LKN001,Lucknow,2020-08-06,Active,2.0,1000000
2179,1126,FD,ACC002179,KOL001,Kolkata,2018-01-02,Dormant,6.8,
2180,1127,CC,ACC002180,JAI001,Jaipur,2017-04-01,Active,36.0,200000
2181,1127,Savings,ACC002181,HYD001,Hyderabad,2019-11-19,Active,3.5,
2182,1128,FD,ACC002182,HYD001,Hyderabad,2018-03-21,Active,6.8,
2183,1128,CC,ACC002183,LKN001,Lucknow,2017-08-25,Active,36.0,200000
2184,1129,Loan,ACC002184,KOL001,Kolkata,2020-06-11,Active,10.62,
2185,1130,Savings,ACC002185,BLR001,Bangalore,2018-01-22,Active,3.5,
2186,1130,FD,ACC002186,HYD001,Hyderabad,2022-05-21,Active,6.8,
2187,1131,CC,ACC002187,MUM001,Mumbai,2015-08-15,Dormant,36.0,300000
2188,1132,CC,ACC002188,DEL001,Delhi,2019-06-14,Dormant,36.0,200000
2189,1132,Loan,ACC002189,CHN001,Chennai,2016-04-03,Active,11.0,
2190,1133,Current,ACC002190,JAI001,Jaipur,2017-10-28,Active,2.0,1000000
2191,1134,Loan,ACC002191,PUN001,Pune,2021-07-21,Active,12.84,
2192,1135,CC,ACC002192,BLR001,Bangalore,2016-03-13,Active,36.0,500000
2193,1135,FD,ACC002193,AHM001,Ahmedabad,2017-11-07,Dormant,6.8,
2194,1136,Savings,ACC002194,PUN001,Pune,2021-02-13,Active,3.5,
2195,1137,FD,ACC002195,KOL001,Kolkata,2023-01-10,Active,6.8,
2196,1137,Loan,ACC002196,LKN001,Lucknow,2015-05-23,Active,11.97,
2197,1138,FD,ACC002197,JAI001,Jaipur,2019-04-25,Active,6.8,
2198,1138,Loan,ACC002198,PUN001,Pune,2022-09-07,Active,13.2,
2199,1139,CC,ACC002199,AHM001,Ahmedabad,2017-11-12,Active,36.0,200000
2200,1139,Savings,ACC002200,HYD001,Hyderabad,2017-05-11,Dormant,3.5,
2201,1140,Loan,ACC002201,AHM001,Ahmedabad,2023-11-08,Active,13.2,
2202,1141,CC,ACC002202,AHM001,Ahmedabad,2018-09-24,Active,36.0,100000
2203,1141,Current,ACC002203,BLR001,Bangalore,2022-10-31,Active,2.0,500000
2204,1142,Current,ACC002204,KOL001,Kolkata,2022-10-18,Active,2.0,1000000
2205,1142,Loan,ACC002205,BLR001,Bangalore,2022-01-25,Active,11.85,
2206,1143,FD,ACC002206,HYD001,Hyderabad,2018-07-09,Active,6.8,
2207,1144,FD,ACC002207,LKN001,Lucknow,2022-09-09,Active,6.8,
2208,1145,FD,ACC002208,HYD001,Hyderabad,2016-12-11,Active,6.8,
2209,1146,FD,ACC002209,AHM001,Ahmedabad,2019-02-14,Active,6.8,
2210,1146,Savings,ACC002210,LKN001,Lucknow,2017-07-08,Active,3.5,
2211,1147,Current,ACC002211,CHN001,Chennai,2015-12-31,Closed,2.0,1000000
2212,1148,Savings,ACC002212,LKN001,Lucknow,2019-10-23,Active,3.5,
2213,1148,CC,ACC002213,PUN001,Pune,2016-11-27,Dormant,36.0,500000
2214,1149,CC,ACC002214,DEL001,Delhi,2017-07-08,Active,36.0,300000
2215,1149,Current,ACC002215,HYD001,Hyderabad,2023-05-16,Active,2.0,300000
2216,1150,Loan,ACC002216,AHM001,Ahmedabad,2017-01-08,Active,8.88,
2217,1150,FD,ACC002217,HYD001,Hyderabad,2017-12-08,Active,6.8,
2218,1151,Current,ACC002218,KOL001,Kolkata,2015-12-18,Active,2.0,500000
2219,1152,CC,ACC002219,AHM001,Ahmedabad,2022-12-11,Active,36.0,100000
2220,1152,FD,ACC002220,DEL001,Delhi,2021-03-31,Active,6.8,
2221,1153,Loan,ACC002221,LKN001,Lucknow,2022-07-10,Closed,11.59,
2222,1154,Savings,ACC002222,HYD001,Hyderabad,2020-08-28,Active,3.5,
2223,1154,Current,ACC002223,AHM001,Ahmedabad,2022-07-12,Active,2.0,1000000
2224,1155,FD,ACC002224,HYD001,Hyderabad,2016-11-26,Active,6.8,
2225,1156,FD,ACC002225,PUN001,Pune,2022-12-19,Active,6.8,
2226,1156,Savings,ACC002226,DEL001,Delhi,2018-07-07,Active,3.5,
2227,1157,Loan,ACC002227,AHM001,Ahmedabad,2018-03-04,Dormant,9.58,
2228,1157,Current,ACC002228,HYD001,Hyderabad,2020-10-18,Active,2.0,500000
2229,1158,CC,ACC002229,JAI001,Jaipur,2022-05-16,Active,36.0,200000
2230,1158,FD,ACC002230,BLR001,Bangalore,2015-08-12,Active,6.8,
2231,1159,CC,ACC002231,AHM001,Ahmedabad,2016-04-20,Closed,36.0,100000
2232,1160,Current,ACC002232,KOL001,Kolkata,2020-02-18,Active,2.0,300000
2233,1161,Savings,ACC002233,CHN001,Chennai,2018-03-09,Active,3.5,
2234,1162,Loan,ACC002234,LKN001,Lucknow,2022-06-09,Active,11.5,
2235,1163,Current,ACC002235,AHM001,Ahmedabad,2015-11-11,Active,2.0,300000
2236,1163,FD,ACC002236,PUN001,Pune,2015-04-17,Active,6.8,
2237,1164,Loan,ACC002237,LKN001,Lucknow,2016-03-10,Active,8.92,
2238,1165,CC,ACC002238,KOL001,Kolkata,2022-01-17,Closed,36.0,100000
2239,1166,Savings,ACC002239,LKN001,Lucknow,2020-01-30,Active,3.5,
2240,1167,Current,ACC002240,CHN001,Chennai,2015-07-19,Active,2.0,300000
2241,1167,FD,ACC002241,DEL001,Delhi,2021-02-19,Closed,6.8,
2242,1168,FD,ACC002242,CHN001,Chennai,2023-08-24,Dormant,6.8,
2243,1169,FD,ACC002243,AHM001,Ahmedabad,2018-03-13,Active,6.8,
2244,1169,CC,ACC002244,BLR001,Bangalore,2016-05-08,Active,36.0,300000
2245,1170,Current,ACC002245,PUN001,Pune,2022-06-18,Active,2.0,300000
2246,1170,FD,ACC002246,KOL001,Kolkata,2019-12-30,Dormant,6.8,
2247,1171,CC,ACC002247,DEL001,Delhi,2023-06-26,Active,36.0,200000
2248,1172,CC,ACC002248,DEL001,Delhi,2015-06-15,Active,36.0,200000
2249,1173,FD,ACC002249,JAI001,Jaipur,2022-01-22,Active,6.8,
2250,1173,CC,ACC002250,KOL001,Kolkata,2019-11-27,Active,36.0,300000
2251,1174,FD,ACC002251,HYD001,Hyderabad,2017-10-15,Active,6.8,
2252,1175,Savings,ACC002252,MUM001,Mumbai,2020-10-03,Active,3.5,
2253,1176,Current,ACC002253,HYD001,Hyderabad,2018-12-26,Active,2.0,1000000
2254,1177,CC,ACC002254,BLR001,Bangalore,2023-10-26,Active,36.0,100000
2255,1178,Loan,ACC002255,PUN001,Pune,2021-08-02,Active,12.54,
2256,1179,Loan,ACC002256,PUN001,Pune,2017-02-05,Active,8.47,
2257,1180,Loan,ACC002257,AHM001,Ahmedabad,2020-12-28,Active,10.37,
2258,1180,Savings,ACC002258,MUM001,Mumbai,2016-12-04,Active,3.5,
2259,1181,Current,ACC002259,KOL001,Kolkata,2018-05-25,Active,2.0,500000
2260,1182,CC,ACC002260,DEL001,Delhi,2016-05-27,Active,36.0,100000
2261,1182,Loan,ACC002261,CHN001,Chennai,2015-04-20,Active,11.89,
2262,1183,CC,ACC002262,DEL001,Delhi,2018-05-17,Active,36.0,500000
2263,1183,FD,ACC002263,MUM001,Mumbai,2016-04-22,Active,6.8,
2264,1184,CC,ACC002264,MUM001,Mumbai,2020-01-16,Active,36.0,500000
2265,1184,Current,ACC002265,MUM001,Mumbai,2018-09-29,Active,2.0,1000000
2266,1185,CC,ACC002266,KOL001,Kolkata,2023-04-08,Active,36.0,300000
2267,1186,CC,ACC002267,KOL001,Kolkata,2020-10-03,Active,36.0,500000
2268,1187,Savings,ACC002268,JAI001,Jaipur,2015-03-19,Active,3.5,
2269,1188,CC,ACC002269,KOL001,Kolkata,2016-04-23,Active,36.0,300000
2270,1189,CC,ACC002270,MUM001,Mumbai,2016-10-22,Active,36.0,300000
2271,1190,Current,ACC002271,CHN001,Chennai,2021-08-04,Dormant,2.0,1000000
2272,1191,CC,ACC002272,HYD001,Hyderabad,2023-02-09,Active,36.0,300000
2273,1191,FD,ACC002273,KOL001,Kolkata,2023-12-20,Closed,6.8,
2274,1192,Savings,ACC002274,KOL001,Kolkata,2016-06-12,Active,3.5,
2275,1193,CC,ACC002275,KOL001,Kolkata,2018-05-28,Active,36.0,100000
2276,1194,Loan,ACC002276,PUN001,Pune,2022-08-04,Active,12.97,
2277,1195,Savings,ACC002277,PUN001,Pune,2019-10-30,Active,3.5,
2278,1195,Current,ACC002278,JAI001,Jaipur,2017-07-06,Active,2.0,500000
2279,1196,Current,ACC002279,BLR001,Bangalore,2022-09-27,Dormant,2.0,300000
2280,1196,Loan,ACC002280,MUM001,Mumbai,2019-11-29,Active,13.78,
2281,1197,Savings,ACC002281,JAI001,Jaipur,2015-06-21,Active,3.5,
2282,1197,Current,ACC002282,DEL001,Delhi,2017-04-21,Dormant,2.0,500000
2283,1198,Current,ACC002283,DEL001,Delhi,2016-09-23,Active,2.0,300000
2284,1198,CC,ACC002284,DEL001,Delhi,2017-04-06,Active,36.0,100000
2285,1199,CC,ACC002285,PUN001,Pune,2018-03-20,Active,36.0,300000
2286,1200,CC,ACC002286,CHN001,Chennai,2016-09-12,Active,36.0,200000
2287,1200,Loan,ACC002287,BLR001,Bangalore,2023-12-29,Active,13.51,
2288,1201,Current,ACC002288,MUM001,Mumbai,2019-12-18,Active,2.0,1000000
2289,1201,Loan,ACC002289,DEL001,Delhi,2015-12-14,Active,10.41,
2290,1202,CC,ACC002290,AHM001,Ahmedabad,2023-07-07,Active,36.0,200000
2291,1202,Savings,ACC002291,LKN001,Lucknow,2015-08-25,Closed,3.5,
2292,1203,Current,ACC002292,AHM001,Ahmedabad,2019-07-05,Dormant,2.0,500000
2293,1203,Loan,ACC002293,PUN001,Pune,2018-11-10,Active,9.68,
2294,1204,FD,ACC002294,AHM001,Ahmedabad,2020-01-02,Active,6.8,
2295,1205,Current,ACC002295,PUN001,Pune,2023-10-07,Active,2.0,500000
2296,1205,CC,ACC002296,DEL001,Delhi,2015-06-01,Active,36.0,200000
2297,1206,Current,ACC002297,HYD001,Hyderabad,2017-05-25,Active,2.0,1000000
2298,1207,FD,ACC002298,MUM001,Mumbai,2015-04-25,Dormant,6.8,
2299,1208,Loan,ACC002299,AHM001,Ahmedabad,2020-08-31,Active,8.36,
2300,1209,Current,ACC002300,PUN001,Pune,2016-05-22,Active,2.0,300000
2301,1210,Current,ACC002301,MUM001,Mumbai,2020-01-31,Active,2.0,1000000
2302,1211,Current,ACC002302,PUN001,Pune,2018-05-10,Active,2.0,1000000
2303,1211,FD,ACC002303,LKN001,Lucknow,2022-07-17,Active,6.8,
2304,1212,Savings,ACC002304,JAI001,Jaipur,2021-07-13,Active,3.5,
2305,1212,Loan,ACC002305,KOL001,Kolkata,2016-02-06,Active,10.55,
2306,1213,Savings,ACC002306,MUM001,Mumbai,2019-10-07,Dormant,3.5,
2307,1214,Loan,ACC002307,JAI001,Jaipur,2019-07-08,Active,11.11,
2308,1215,Loan,ACC002308,LKN001,Lucknow,2020-08-05,Active,13.98,
2309,1216,CC,ACC002309,BLR001,Bangalore,2016-08-14,Active,36.0,500000
2310,1216,Current,ACC002310,BLR001,Bangalore,2022-11-25,Active,2.0,1000000
2311,1217,CC,ACC002311,MUM001,Mumbai,2023-05-16,Active,36.0,100000
2312,1218,CC,ACC002312,DEL001,Delhi,2019-02-22,Active,36.0,200000
2313,1218,Savings,ACC002313,DEL001,Delhi,2019-03-02,Active,3.5,
2314,1219,Savings,ACC002314,BLR001,Bangalore,2016-08-05,Active,3.5,
2315,1220,Loan,ACC002315,CHN001,Chennai,2017-01-19,Active,10.93,
2316,1220,Current,ACC002316,DEL001,Delhi,2021-02-20,Active,2.0,500000
2317,1221,Loan,ACC002317,LKN001,Lucknow,2020-01-27,Dormant,12.69,
2318,1222,Current,ACC002318,BLR001,Bangalore,2023-07-18,Active,2.0,500000
2319,1223,FD,ACC002319,DEL001,Delhi,2023-12-21,Active,6.8,
2320,1223,Loan,ACC002320,AHM001,Ahmedabad,2017-08-11,Dormant,10.03,
2321,1224,CC,ACC002321,HYD001,Hyderabad,2022-03-30,Active,36.0,100000
2322,1225,Loan,ACC002322,JAI001,Jaipur,2022-03-27,Active,11.36,
2323,1226,Current,ACC002323,JAI001,Jaipur,2021-06-20,Active,2.0,1000000
2324,1227,CC,ACC002324,JAI001,Jaipur,2015-03-18,Active,36.0,200000
2325,1228,Loan,ACC002325,CHN001,Chennai,2022-11-30,Active,11.48,
2326,1228,FD,ACC002326,DEL001,Delhi,2020-12-25,Active,6.8,
2327,1229,Savings,ACC002327,PUN001,Pune,2019-11-26,Active,3.5,
2328,1230,CC,ACC002328,HYD001,Hyderabad,2016-01-08,Active,36.0,200000
2329,1231,FD,ACC002329,HYD001,Hyderabad,2023-08-13,Active,6.8,
2330,1232,FD,ACC002330,MUM001,Mumbai,2021-11-21,Closed,6.8,
2331,1233,Loan,ACC002331,DEL001,Delhi,2018-08-03,Active,13.36,
2332,1233,CC,ACC002332,HYD001,Hyderabad,2019-03-19,Dormant,36.0,100000
2333,1234,Current,ACC002333,LKN001,Lucknow,2017-08-26,Active,2.0,500000
2334,1235,Loan,ACC002334,PUN001,Pune,2020-03-18,Active,8.39,
2335,1235,Savings,ACC002335,MUM001,Mumbai,2019-07-28,Active,3.5,
2336,1236,Current,ACC002336,LKN001,Lucknow,2022-07-28,Active,2.0,1000000
2337,1237,Loan,ACC002337,KOL001,Kolkata,2015-12-10,Active,11.0,
2338,1237,CC,ACC002338,BLR001,Bangalore,2019-03-10,Active,36.0,200000
2339,1238,CC,ACC002339,JAI001,Jaipur,2020-01-25,Active,36.0,300000
2340,1239,FD,ACC002340,MUM001,Mumbai,2020-05-29,Active,6.8,
2341,1239,Savings,ACC002341,AHM001,Ahmedabad,2018-12-10,Active,3.5,
2342,1240,Loan,ACC002342,BLR001,Bangalore,2023-04-16,Active,8.42,
2343,1240,Savings,ACC002343,DEL001,Delhi,2019-06-08,Active,3.5,
2344,1241,Loan,ACC002344,CHN001,Chennai,2021-11-05,Active,12.81,
2345,1241,CC,ACC002345,PUN001,Pune,2022-02-14,Active,36.0,500000
2346,1242,Loan,ACC002346,PUN001,Pune,2017-05-12,Active,11.6,
2347,1243,FD,ACC002347,MUM001,Mumbai,2021-10-29,Active,6.8,
2348,1244,CC,ACC002348,AHM001,Ahmedabad,2021-01-13,Active,36.0,100000
2349,1244,Current,ACC002349,JAI001,Jaipur,2015-05-07,Dormant,2.0,500000
2350,1245,Loan,ACC002350,LKN001,Lucknow,2019-01-06,Active,13.03,
2351,1245,CC,ACC002351,MUM001,Mumbai,2016-05-26,Active,36.0,500000
2352,1246,Savings,ACC002352,HYD001,Hyderabad,2022-08-19,Dormant,3.5,
2353,1247,Current,ACC002353,HYD001,Hyderabad,2023-01-19,Active,2.0,500000
2354,1248,CC,ACC002354,LKN001,Lucknow,2017-05-06,Active,36.0,500000
2355,1249,Loan,ACC002355,LKN001,Lucknow,2020-08-11,Active,11.31,
2356,1250,Current,ACC002356,DEL001,Delhi,2021-08-06,Active,2.0,500000
2357,1250,FD,ACC002357,LKN001,Lucknow,2017-07-22,Dormant,6.8,
2358,1251,Savings,ACC002358,JAI001,Jaipur,2021-11-21,Active,3.5,
2359,1252,CC,ACC002359,MUM001,Mumbai,2018-08-16,Active,36.0,300000
2360,1253,Current,ACC002360,KOL001,Kolkata,2020-07-22,Active,2.0,1000000
2361,1254,Loan,ACC002361,AHM001,Ahmedabad,2020-12-20,Active,8.03,
2362,1255,Savings,ACC002362,LKN001,Lucknow,2015-04-14,Closed,3.5,
2363,1256,Savings,ACC002363,CHN001,Chennai,2016-11-04,Active,3.5,
2364,1256,FD,ACC002364,DEL001,Delhi,2015-04-25,Active,6.8,
2365,1257,Loan,ACC002365,HYD001,Hyderabad,2017-10-09,Active,9.43,
2366,1258,Savings,ACC002366,PUN001,Pune,2020-10-29,Active,3.5,
2367,1259,Current,ACC002367,DEL001,Delhi,2022-01-05,Active,2.0,300000
2368,1259,CC,ACC002368,MUM001,Mumbai,2019-03-26,Active,36.0,100000
2369,1260,Savings,ACC002369,MUM001,Mumbai,2018-05-19,Active,3.5,
2370,1260,CC,ACC002370,DEL001,Delhi,2022-08-07,Active,36.0,500000
2371,1261,Current,ACC002371,AHM001,Ahmedabad,2017-08-12,Dormant,2.0,1000000
2372,1262,CC,ACC002372,KOL001,Kolkata,2023-12-01,Active,36.0,100000
2373,1263,Savings,ACC002373,KOL001,Kolkata,2020-10-19,Active,3.5,
2374,1264,Current,ACC002374,DEL001,Delhi,2021-08-25,Active,2.0,1000000
2375,1265,Current,ACC002375,HYD001,Hyderabad,2018-12-26,Active,2.0,500000
2376,1266,FD,ACC002376,MUM001,Mumbai,2015-09-05,Active,6.8,
2377,1267,Loan,ACC002377,HYD001,Hyderabad,2021-07-18,Dormant,12.65,
2378,1268,Loan,ACC002378,LKN001,Lucknow,2018-11-05,Active,13.82,
2379,1269,FD,ACC002379,MUM001,Mumbai,2017-08-30,Active,6.8,
2380,1270,CC,ACC002380,CHN001,Chennai,2017-03-31,Active,36.0,100000
2381,1270,Loan,ACC002381,PUN001,Pune,2017-02-14,Active,12.17,
2382,1271,Current,ACC002382,LKN001,Lucknow,2021-05-07,Closed,2.0,500000
2383,1271,Loan,ACC002383,PUN001,Pune,2016-10-26,Active,13.26,
2384,1272,CC,ACC002384,MUM001,Mumbai,2022-03-01,Active,36.0,200000
2385,1272,FD,ACC002385,CHN001,Chennai,2020-05-23,Active,6.8,
2386,1273,CC,ACC002386,CHN001,Chennai,2019-06-28,Active,36.0,300000
2387,1274,Loan,ACC002387,MUM001,Mumbai,2021-03-22,Active,9.74,
2388,1275,Current,ACC002388,PUN001,Pune,2015-06-29,Closed,2.0,500000
2389,1276,Loan,ACC002389,BLR001,Bangalore,2018-10-23,Active,9.48,
2390,1277,FD,ACC002390,HYD001,Hyderabad,2016-02-19,Active,6.8,
2391,1278,Savings,ACC002391,PUN001,Pune,2017-05-11,Active,3.5,
2392,1279,FD,ACC002392,DEL001,Delhi,2016-04-30,Active,6.8,
2393,1279,CC,ACC002393,CHN001,Chennai,2017-02-24,Active,36.0,300000
2394,1280,FD,ACC002394,MUM001,Mumbai,2023-07-23,Active,6.8,
2395,1281,FD,ACC002395,PUN001,Pune,2017-10-09,Active,6.8,
2396,1282,Current,ACC002396,CHN001,Chennai,2023-02-27,Active,2.0,1000000
2397,1282,CC,ACC002397,LKN001,Lucknow,2015-09-23,Active,36.0,300000
2398,1283,CC,ACC002398,BLR001,Bangalore,2018-08-11,Active,36.0,500000
2399,1284,CC,ACC002399,HYD001,Hyderabad,2021-07-08,Active,36.0,100000
2400,1284,Current,ACC002400,CHN001,Chennai,2017-06-18,Dormant,2.0,300000
2401,1285,Loan,ACC002401,AHM001,Ahmedabad,2019-03-25,Active,13.61,
2402,1286,Current,ACC002402,DEL001,Delhi,2016-07-04,Active,2.0,1000000
2403,1287,Current,ACC002403,MUM001,Mumbai,2020-03-20,Active,2.0,500000
2404,1288,CC,ACC002404,PUN001,Pune,2020-07-30,Active,36.0,200000
2405,1289,Loan,ACC002405,DEL001,Delhi,2019-01-10,Dormant,9.77,
2406,1290,Current,ACC002406,DEL001,Delhi,2023-10-24,Active,2.0,300000
2407,1291,Savings,ACC002407,JAI001,Jaipur,2017-03-31,Active,3.5,
2408,1292,Loan,ACC002408,CHN001,Chennai,2022-11-30,Active,8.83,
2409,1293,Current,ACC002409,MUM001,Mumbai,2023-08-21,Active,2.0,500000
2410,1293,Loan,ACC002410,AHM001,Ahmedabad,2021-07-03,Active,8.07,
2411,1294,FD,ACC002411,CHN001,Chennai,2017-07-18,Active,6.8,
2412,1294,CC,ACC002412,CHN001,Chennai,2020-10-13,Active,36.0,500000
2413,1295,CC,ACC002413,DEL001,Delhi,2018-07-06,Active,36.0,500000
2414,1295,Loan,ACC002414,CHN001,Chennai,2019-12-02,Active,11.35,
2415,1296,Current,ACC002415,BLR001,Bangalore,2018-06-05,Dormant,2.0,1000000
2416,1297,Loan,ACC002416,AHM001,Ahmedabad,2019-10-10,Active,10.42,
2417,1297,FD,ACC002417,JAI001,Jaipur,2018-05-12,Active,6.8,
2418,1298,FD,ACC002418,PUN001,Pune,2021-05-16,Active,6.8,
2419,1298,Current,ACC002419,LKN001,Lucknow,2021-06-08,Dormant,2.0,300000
2420,1299,Savings,ACC002420,CHN001,Chennai,2020-04-28,Active,3.5,
2421,1299,CC,ACC002421,KOL001,Kolkata,2022-03-02,Dormant,36.0,100000
2422,1300,FD,ACC002422,LKN001,Lucknow,2020-06-24,Active,6.8,
2423,1300,Savings,ACC002423,AHM001,Ahmedabad,2018-03-08,Active,3.5,
2424,1301,CC,ACC002424,MUM001,Mumbai,2019-02-18,Active,36.0,500000
2425,1302,Savings,ACC002425,BLR001,Bangalore,2021-01-06,Active,3.5,
2426,1303,FD,ACC002426,BLR001,Bangalore,2017-04-22,Active,6.8,
2427,1304,FD,ACC002427,LKN001,Lucknow,2017-04-11,Active,6.8,
2428,1304,Loan,ACC002428,HYD001,Hyderabad,2017-04-06,Active,8.86,
2429,1305,CC,ACC002429,LKN001,Lucknow,2017-10-08,Active,36.0,500000
2430,1306,Current,ACC002430,MUM001,Mumbai,2023-04-08,Active,2.0,500000
2431,1307,Loan,ACC002431,AHM001,Ahmedabad,2021-11-15,Active,13.1,
2432,1308,FD,ACC002432,LKN001,Lucknow,2023-03-23,Active,6.8,
2433,1309,Current,ACC002433,AHM001,Ahmedabad,2022-11-01,Dormant,2.0,300000
2434,1309,Savings,ACC002434,HYD001,Hyderabad,2022-01-16,Active,3.5,
2435,1310,FD,ACC002435,KOL001,Kolkata,2019-08-12,Closed,6.8,
2436,1311,Savings,ACC002436,JAI001,Jaipur,2023-08-06,Active,3.5,
2437,1311,Current,ACC002437,BLR001,Bangalore,2017-11-01,Active,2.0,300000
2438,1312,CC,ACC002438,AHM001,Ahmedabad,2018-11-08,Active,36.0,500000
2439,1313,Loan,ACC002439,DEL001,Delhi,2022-12-14,Dormant,9.96,
2440,1314,CC,ACC002440,DEL001,Delhi,2015-12-05,Active,36.0,500000
2441,1314,Current,ACC002441,BLR001,Bangalore,2020-04-12,Active,2.0,300000
2442,1315,Current,ACC002442,BLR001,Bangalore,2018-04-19,Active,2.0,300000
2443,1315,Savings,ACC002443,DEL001,Delhi,2022-07-13,Active,3.5,
2444,1316,Loan,ACC002444,BLR001,Bangalore,2017-06-06,Active,13.36,
2445,1317,CC,ACC002445,MUM001,Mumbai,2022-02-13,Active,36.0,100000
2446,1318,Loan,ACC002446,KOL001,Kolkata,2015-08-03,Active,8.29,
2447,1319,FD,ACC002447,CHN001,Chennai,2019-03-15,Dormant,6.8,
2448,1320,Savings,ACC002448,MUM001,Mumbai,2018-10-12,Active,3.5,
2449,1321,Savings,ACC002449,BLR001,Bangalore,2023-02-13,Active,3.5,
2450,1322,Loan,ACC002450,PUN001,Pune,2021-04-21,Active,11.75,
2451,1323,CC,ACC002451,DEL001,Delhi,2017-08-09,Active,36.0,200000
2452,1323,Current,ACC002452,MUM001,Mumbai,2019-07-06,Active,2.0,300000
2453,1324,Savings,ACC002453,HYD001,Hyderabad,2022-04-16,Active,3.5,
2454,1325,CC,ACC002454,LKN001,Lucknow,2020-08-08,Closed,36.0,200000
2455,1325,Loan,ACC002455,HYD001,Hyderabad,2016-01-24,Active,13.89,
2456,1326,FD,ACC002456,BLR001,Bangalore,2022-02-15,Active,6.8,
2457,1326,Loan,ACC002457,KOL001,Kolkata,2015-10-04,Active,11.65,
2458,1327,CC,ACC002458,JAI001,Jaipur,2022-03-08,Active,36.0,100000
2459,1328,Current,ACC002459,DEL001,Delhi,2018-06-19,Active,2.0,300000
2460,1329,Savings,ACC002460,PUN001,Pune,2020-08-04,Active,3.5,
2461,1329,FD,ACC002461,CHN001,Chennai,2022-03-14,Active,6.8,
2462,1330,CC,ACC002462,PUN001,Pune,2016-07-03,Active,36.0,100000
2463,1331,CC,ACC002463,HYD001,Hyderabad,2023-06-02,Active,36.0,300000
2464,1332,FD,ACC002464,JAI001,Jaipur,2015-08-10,Dormant,6.8,
2465,1333,FD,ACC002465,LKN001,Lucknow,2019-04-12,Active,6.8,
2466,1334,Savings,ACC002466,DEL001,Delhi,2017-02-27,Active,3.5,
2467,1334,CC,ACC002467,CHN001,Chennai,2016-05-29,Active,36.0,200000
2468,1335,Savings,ACC002468,AHM001,Ahmedabad,2023-02-17,Active,3.5,
2469,1336,CC,ACC002469,BLR001,Bangalore,2021-10-17,Active,36.0,500000
2470,1337,FD,ACC002470,KOL001,Kolkata,2015-11-24,Closed,6.8,
2471,1337,Loan,ACC002471,AHM001,Ahmedabad,2016-11-18,Active,10.54,
2472,1338,CC,ACC002472,KOL001,Kolkata,2015-03-23,Active,36.0,100000
2473,1338,FD,ACC002473,HYD001,Hyderabad,2021-09-03,Active,6.8,
2474,1339,CC,ACC002474,KOL001,Kolkata,2018-06-06,Active,36.0,500000
2475,1340,FD,ACC002475,KOL001,Kolkata,2017-03-12,Active,6.8,
2476,1341,Current,ACC002476,PUN001,Pune,2020-07-05,Active,2.0,500000
2477,1342,Loan,ACC002477,KOL001,Kolkata,2018-06-14,Active,11.53,
2478,1342,CC,ACC002478,AHM001,Ahmedabad,2015-06-09,Closed,36.0,200000
2479,1343,CC,ACC002479,HYD001,Hyderabad,2023-08-26,Dormant,36.0,500000
2480,1344,Loan,ACC002480,AHM001,Ahmedabad,2019-10-03,Active,9.45,
2481,1344,Savings,ACC002481,MUM001,Mumbai,2019-01-20,Active,3.5,
2482,1345,FD,ACC002482,LKN001,Lucknow,2020-02-09,Dormant,6.8,
2483,1345,Loan,ACC002483,CHN001,Chennai,2021-10-02,Active,11.98,
2484,1346,Savings,ACC002484,DEL001,Delhi,2022-03-24,Active,3.5,
2485,1347,Savings,ACC002485,AHM001,Ahmedabad,2016-11-10,Active,3.5,
2486,1347,FD,ACC002486,HYD001,Hyderabad,2020-08-12,Closed,6.8,
2487,1348,Loan,ACC002487,AHM001,Ahmedabad,2023-06-10,Dormant,12.37,
2488,1349,Current,ACC002488,PUN001,Pune,2016-08-07,Active,2.0,1000000
2489,1350,Loan,ACC002489,MUM001,Mumbai,2016-11-20,Active,8.01,
2490,1351,CC,ACC002490,JAI001,Jaipur,2019-09-04,Active,36.0,200000
2491,1352,FD,ACC002491,BLR001,Bangalore,2017-03-22,Active,6.8,
2492,1353,Current,ACC002492,CHN001,Chennai,2017-01-30,Active,2.0,300000
2493,1354,CC,ACC002493,KOL001,Kolkata,2022-01-11,Dormant,36.0,200000
2494,1355,Savings,ACC002494,AHM001,Ahmedabad,2016-05-25,Active,3.5,
2495,1356,CC,ACC002495,KOL001,Kolkata,2022-07-18,Active,36.0,300000
2496,1357,Savings,ACC002496,DEL001,Delhi,2017-05-14,Active,3.5,
2497,1357,Current,ACC002497,LKN001,Lucknow,2020-10-31,Closed,2.0,500000
2498,1358,Loan,ACC002498,LKN001,Lucknow,2019-10-26,Active,12.09,
2499,1359,Loan,ACC002499,CHN001,Chennai,2019-01-19,Active,10.27,
2500,1360,Loan,ACC002500,PUN001,Pune,2016-02-15,Active,13.22,
2501,1361,FD,ACC002501,MUM001,Mumbai,2021-10-01,Active,6.8,
2502,1362,FD,ACC002502,KOL001,Kolkata,2021-12-07,Active,6.8,
2503,1362,Loan,ACC002503,JAI001,Jaipur,2019-08-20,Active,8.02,
2504,1363,Loan,ACC002504,PUN001,Pune,2015-07-07,Closed,12.41,
2505,1363,Savings,ACC002505,KOL001,Kolkata,2017-08-14,Active,3.5,
2506,1364,Savings,ACC002506,AHM001,Ahmedabad,2020-05-04,Closed,3.5,
2507,1364,Loan,ACC002507,DEL001,Delhi,2023-03-27,Active,11.64,
2508,1365,Current,ACC002508,BLR001,Bangalore,2020-08-01,Active,2.0,1000000
2509,1365,Savings,ACC002509,JAI001,Jaipur,2020-03-27,Active,3.5,
2510,1366,Current,ACC002510,CHN001,Chennai,2017-09-23,Active,2.0,1000000
2511,1367,Savings,ACC002511,MUM001,Mumbai,2016-10-18,Dormant,3.5,
2512,1367,CC,ACC002512,AHM001,Ahmedabad,2023-08-05,Active,36.0,500000
2513,1368,Savings,ACC002513,JAI001,Jaipur,2022-02-08,Active,3.5,
2514,1368,FD,ACC002514,PUN001,Pune,2017-07-05,Dormant,6.8,
2515,1369,Loan,ACC002515,AHM001,Ahmedabad,2022-05-02,Active,11.37,
2516,1369,CC,ACC002516,AHM001,Ahmedabad,2017-08-13,Active,36.0,100000
2517,1370,Loan,ACC002517,LKN001,Lucknow,2017-02-09,Active,8.7,
2518,1371,Loan,ACC002518,AHM001,Ahmedabad,2021-06-21,Active,9.86,
2519,1372,FD,ACC002519,AHM001,Ahmedabad,2019-10-02,Active,6.8,
2520,1373,FD,ACC002520,DEL001,Delhi,2019-06-08,Active,6.8,
2521,1373,Current,ACC002521,PUN001,Pune,2016-08-15,Active,2.0,300000
2522,1374,CC,ACC002522,BLR001,Bangalore,2021-09-29,Active,36.0,100000
2523,1375,Loan,ACC002523,JAI001,Jaipur,2022-09-21,Active,13.98,
2524,1376,CC,ACC002524,KOL001,Kolkata,2018-04-08,Active,36.0,300000
2525,1376,FD,ACC002525,BLR001,Bangalore,2023-01-14,Active,6.8,
2526,1377,Savings,ACC002526,KOL001,Kolkata,2023-02-27,Active,3.5,
2527,1377,FD,ACC002527,BLR001,Bangalore,2015-03-30,Active,6.8,
2528,1378,Loan,ACC002528,AHM001,Ahmedabad,2015-10-22,Active,9.7,
2529,1378,CC,ACC002529,CHN001,Chennai,2022-11-11,Dormant,36.0,200000
2530,1379,Current,ACC002530,MUM001,Mumbai,2022-12-16,Active,2.0,1000000
2531,1380,CC,ACC002531,HYD001,Hyderabad,2016-08-16,Active,36.0,200000
2532,1381,Savings,ACC002532,LKN001,Lucknow,2016-02-22,Active,3.5,
2533,1381,Loan,ACC002533,BLR001,Bangalore,2019-03-23,Closed,10.56,
2534,1382,Savings,ACC002534,PUN001,Pune,2020-04-24,Active,3.5,
2535,1382,Current,ACC002535,JAI001,Jaipur,2022-04-16,Active,2.0,300000
2536,1383,CC,ACC002536,MUM001,Mumbai,2016-05-01,Active,36.0,200000
2537,1383,FD,ACC002537,AHM001,Ahmedabad,2023-09-13,Active,6.8,
2538,1384,CC,ACC002538,HYD001,Hyderabad,2022-02-03,Active,36.0,100000
2539,1384,Current,ACC002539,DEL001,Delhi,2015-12-05,Active,2.0,1000000
2540,1385,Current,ACC002540,LKN001,Lucknow,2021-06-03,Active,2.0,300000
2541,1386,FD,ACC002541,KOL001,Kolkata,2022-03-25,Active,6.8,
2542,1386,CC,ACC002542,BLR001,Bangalore,2016-02-12,Active,36.0,200000
2543,1387,Savings,ACC002543,AHM001,Ahmedabad,2021-03-27,Active,3.5,
2544,1388,Savings,ACC002544,JAI001,Jaipur,2021-07-23,Active,3.5,
2545,1389,FD,ACC002545,BLR001,Bangalore,2021-09-19,Active,6.8,
2546,1389,Savings,ACC002546,KOL001,Kolkata,2023-12-23,Active,3.5,
2547,1390,FD,ACC002547,DEL001,Delhi,2021-04-22,Active,6.8,
2548,1391,Savings,ACC002548,JAI001,Jaipur,2018-05-07,Active,3.5,
2549,1392,Savings,ACC002549,CHN001,Chennai,2018-05-16,Active,3.5,
2550,1393,Loan,ACC002550,BLR001,Bangalore,2021-06-21,Active,9.88,
2551,1393,CC,ACC002551,PUN001,Pune,2021-10-18,Active,36.0,100000
2552,1394,Savings,ACC002552,MUM001,Mumbai,2017-02-09,Active,3.5,
2553,1394,FD,ACC002553,CHN001,Chennai,2016-07-03,Active,6.8,
2554,1395,FD,ACC002554,LKN001,Lucknow,2019-09-25,Active,6.8,
2555,1396,FD,ACC002555,AHM001,Ahmedabad,2020-02-12,Active,6.8,
2556,1397,FD,ACC002556,JAI001,Jaipur,2017-04-14,Active,6.8,
2557,1398,FD,ACC002557,LKN001,Lucknow,2022-05-16,Active,6.8,
2558,1398,Loan,ACC002558,BLR001,Bangalore,2019-09-16,Active,9.9,
2559,1399,CC,ACC002559,LKN001,Lucknow,2017-10-10,Active,36.0,100000
2560,1399,Savings,ACC002560,JAI001,Jaipur,2019-07-25,Active,3.5,
2561,1400,Loan,ACC002561,HYD001,Hyderabad,2016-08-22,Dormant,9.35,
2562,1401,CC,ACC002562,CHN001,Chennai,2019-03-31,Closed,36.0,100000
2563,1402,Loan,ACC002563,LKN001,Lucknow,2020-06-28,Active,10.09,
2564,1403,Loan,ACC002564,JAI001,Jaipur,2018-01-15,Active,13.38,
2565,1404,CC,ACC002565,BLR001,Bangalore,2018-11-14,Active,36.0,500000
2566,1405,FD,ACC002566,HYD001,Hyderabad,2015-02-08,Active,6.8,
2567,1406,FD,ACC002567,LKN001,Lucknow,2023-04-01,Active,6.8,
2568,1406,CC,ACC002568,PUN001,Pune,2022-12-07,Active,36.0,500000
2569,1407,FD,ACC002569,PUN001,Pune,2023-12-15,Active,6.8,
2570,1407,CC,ACC002570,AHM001,Ahmedabad,2020-11-02,Dormant,36.0,200000
2571,1408,Savings,ACC002571,HYD001,Hyderabad,2019-07-24,Active,3.5,
2572,1409,Savings,ACC002572,DEL001,Delhi,2016-11-07,Active,3.5,
2573,1409,FD,ACC002573,HYD001,Hyderabad,2021-03-19,Dormant,6.8,
2574,1410,CC,ACC002574,JAI001,Jaipur,2023-03-13,Active,36.0,100000
2575,1411,Current,ACC002575,CHN001,Chennai,2023-05-14,Active,2.0,1000000
2576,1412,FD,ACC002576,LKN001,Lucknow,2020-01-12,Closed,6.8,
2577,1412,Savings,ACC002577,JAI001,Jaipur,2017-07-10,Active,3.5,
2578,1413,Loan,ACC002578,MUM001,Mumbai,2019-09-28,Active,9.02,
2579,1414,Loan,ACC002579,JAI001,Jaipur,2023-08-06,Dormant,9.74,
2580,1414,FD,ACC002580,KOL001,Kolkata,2018-04-17,Active,6.8,
2581,1415,CC,ACC002581,HYD001,Hyderabad,2022-03-18,Active,36.0,500000
2582,1415,FD,ACC002582,LKN001,Lucknow,2020-06-22,Active,6.8,
2583,1416,Loan,ACC002583,PUN001,Pune,2016-03-14,Active,13.34,
2584,1417,Loan,ACC002584,MUM001,Mumbai,2016-02-20,Active,9.19,
2585,1418,FD,ACC002585,AHM001,Ahmedabad,2016-05-22,Dormant,6.8,
2586,1419,Loan,ACC002586,KOL001,Kolkata,2019-06-08,Active,10.19,
2587,1419,FD,ACC002587,BLR001,Bangalore,2021-01-06,Active,6.8,
2588,1420,CC,ACC002588,BLR001,Bangalore,2016-07-26,Active,36.0,300000
2589,1421,FD,ACC002589,CHN001,Chennai,2018-03-12,Active,6.8,
2590,1421,Savings,ACC002590,PUN001,Pune,2015-05-10,Active,3.5,
2591,1422,Loan,ACC002591,DEL001,Delhi,2019-09-21,Active,10.97,
2592,1423,FD,ACC002592,AHM001,Ahmedabad,2020-08-17,Active,6.8,
2593,1423,Loan,ACC002593,AHM001,Ahmedabad,2016-06-22,Active,8.65,
2594,1424,FD,ACC002594,PUN001,Pune,2020-08-10,Active,6.8,
2595,1425,Loan,ACC002595,AHM001,Ahmedabad,2021-09-11,Active,10.61,
2596,1426,CC,ACC002596,DEL001,Delhi,2023-07-14,Active,36.0,200000
2597,1427,Savings,ACC002597,HYD001,Hyderabad,2022-11-11,Active,3.5,
2598,1428,Savings,ACC002598,JAI001,Jaipur,2021-11-08,Active,3.5,
2599,1429,FD,ACC002599,CHN001,Chennai,2016-05-08,Active,6.8,
2600,1430,FD,ACC002600,MUM001,Mumbai,2021-11-30,Active,6.8,
2601,1430,CC,ACC002601,AHM001,Ahmedabad,2019-07-27,Active,36.0,200000
2602,1431,CC,ACC002602,KOL001,Kolkata,2015-09-09,Active,36.0,300000
2603,1432,Loan,ACC002603,HYD001,Hyderabad,2018-12-08,Active,9.48,
2604,1433,FD,ACC002604,MUM001,Mumbai,2015-08-02,Active,6.8,
2605,1433,Savings,ACC002605,HYD001,Hyderabad,2020-04-17,Active,3.5,
2606,1434,Loan,ACC002606,KOL001,Kolkata,2019-01-29,Active,8.67,
2607,1435,Current,ACC002607,PUN001,Pune,2019-01-16,Active,2.0,1000000
2608,1435,FD,ACC002608,JAI001,Jaipur,2021-10-12,Active,6.8,
2609,1436,CC,ACC002609,DEL001,Delhi,2016-03-11,Active,36.0,100000
2610,1437,FD,ACC002610,CHN001,Chennai,2022-11-26,Active,6.8,
2611,1438,Current,ACC002611,HYD001,Hyderabad,2023-02-19,Active,2.0,1000000
2612,1438,Loan,ACC002612,BLR001,Bangalore,2015-06-29,Active,10.51,
2613,1439,Current,ACC002613,PUN001,Pune,2020-01-11,Active,2.0,500000
2614,1439,Loan,ACC002614,DEL001,Delhi,2020-05-31,Active,13.59,
2615,1440,Savings,ACC002615,BLR001,Bangalore,2021-09-20,Active,3.5,
2616,1441,Current,ACC002616,MUM001,Mumbai,2023-11-28,Closed,2.0,500000
2617,1442,Current,ACC002617,JAI001,Jaipur,2015-11-04,Active,2.0,500000
2618,1443,CC,ACC002618,AHM001,Ahmedabad,2021-10-23,Active,36.0,200000
2619,1444,Current,ACC002619,MUM001,Mumbai,2023-11-13,Active,2.0,1000000
2620,1445,Loan,ACC002620,CHN001,Chennai,2018-04-28,Active,11.31,
2621,1446,Savings,ACC002621,JAI001,Jaipur,2017-09-02,Active,3.5,
2622,1447,Loan,ACC002622,HYD001,Hyderabad,2023-11-13,Active,13.88,
2623,1447,FD,ACC002623,CHN001,Chennai,2020-12-29,Active,6.8,
2624,1448,Loan,ACC002624,DEL001,Delhi,2022-11-29,Dormant,9.58,
2625,1448,Current,ACC002625,BLR001,Bangalore,2019-07-31,Dormant,2.0,300000
2626,1449,Savings,ACC002626,CHN001,Chennai,2023-03-12,Closed,3.5,
2627,1449,Loan,ACC002627,MUM001,Mumbai,2021-01-10,Active,13.21,
2628,1450,Current,ACC002628,AHM001,Ahmedabad,2022-05-02,Active,2.0,1000000
2629,1450,Savings,ACC002629,JAI001,Jaipur,2017-04-24,Active,3.5,
2630,1451,Current,ACC002630,AHM001,Ahmedabad,2016-09-29,Active,2.0,500000
2631,1452,CC,ACC002631,DEL001,Delhi,2020-07-24,Active,36.0,200000
2632,1453,CC,ACC002632,BLR001,Bangalore,2022-04-06,Active,36.0,200000
2633,1454,Current,ACC002633,DEL001,Delhi,2016-08-10,Active,2.0,1000000
2634,1454,FD,ACC002634,AHM001,Ahmedabad,2016-02-15,Active,6.8,
2635,1455,Savings,ACC002635,AHM001,Ahmedabad,2019-04-22,Active,3.5,
2636,1455,Current,ACC002636,MUM001,Mumbai,2016-06-25,Active,2.0,300000
2637,1456,Current,ACC002637,MUM001,Mumbai,2023-11-17,Active,2.0,500000
2638,1456,Savings,ACC002638,DEL001,Delhi,2017-04-08,Active,3.5,
2639,1457,FD,ACC002639,PUN001,Pune,2020-05-15,Active,6.8,
2640,1457,Loan,ACC002640,HYD001,Hyderabad,2022-01-14,Active,8.13,
2641,1458,Current,ACC002641,HYD001,Hyderabad,2016-02-25,Active,2.0,300000
2642,1459,FD,ACC002642,MUM001,Mumbai,2017-07-17,Active,6.8,
2643,1460,FD,ACC002643,DEL001,Delhi,2020-07-07,Active,6.8,
2644,1460,CC,ACC002644,DEL001,Delhi,2018-02-28,Active,36.0,100000
2645,1461,Savings,ACC002645,MUM001,Mumbai,2021-10-12,Active,3.5,
2646,1462,FD,ACC002646,AHM001,Ahmedabad,2016-09-07,Dormant,6.8,
2647,1463,Loan,ACC002647,DEL001,Delhi,2018-01-15,Dormant,11.97,
2648,1463,Current,ACC002648,HYD001,Hyderabad,2022-12-23,Active,2.0,300000
2649,1464,FD,ACC002649,BLR001,Bangalore,2019-05-19,Active,6.8,
2650,1464,Loan,ACC002650,KOL001,Kolkata,2015-10-03,Active,10.56,
2651,1465,FD,ACC002651,PUN001,Pune,2016-06-06,Active,6.8,
2652,1465,Savings,ACC002652,PUN001,Pune,2020-07-17,Active,3.5,
2653,1466,Loan,ACC002653,BLR001,Bangalore,2023-12-30,Dormant,13.53,
2654,1467,Current,ACC002654,KOL001,Kolkata,2021-01-15,Active,2.0,300000
2655,1468,Current,ACC002655,AHM001,Ahmedabad,2020-11-28,Active,2.0,1000000
2656,1469,Savings,ACC002656,CHN001,Chennai,2019-01-21,Active,3.5,
2657,1470,Current,ACC002657,KOL001,Kolkata,2016-07-01,Dormant,2.0,500000
2658,1471,FD,ACC002658,HYD001,Hyderabad,2020-02-29,Active,6.8,
2659,1472,CC,ACC002659,CHN001,Chennai,2017-07-08,Active,36.0,200000
2660,1472,FD,ACC002660,AHM001,Ahmedabad,2023-03-22,Active,6.8,
2661,1473,Savings,ACC002661,LKN001,Lucknow,2015-10-30,Active,3.5,
2662,1474,FD,ACC002662,PUN001,Pune,2016-08-01,Active,6.8,
2663,1475,CC,ACC002663,BLR001,Bangalore,2023-08-02,Active,36.0,300000
2664,1476,Loan,ACC002664,KOL001,Kolkata,2023-10-06,Active,8.08,
2665,1477,Savings,ACC002665,MUM001,Mumbai,2021-10-10,Active,3.5,
2666,1478,CC,ACC002666,KOL001,Kolkata,2021-03-19,Active,36.0,300000
2667,1479,CC,ACC002667,HYD001,Hyderabad,2016-01-12,Active,36.0,200000
2668,1479,FD,ACC002668,CHN001,Chennai,2019-06-29,Active,6.8,
2669,1480,Current,ACC002669,LKN001,Lucknow,2015-11-13,Active,2.0,500000
2670,1481,CC,ACC002670,BLR001,Bangalore,2015-08-12,Active,36.0,200000
2671,1481,Current,ACC002671,HYD001,Hyderabad,2016-03-20,Active,2.0,500000
2672,1482,Loan,ACC002672,BLR001,Bangalore,2021-01-27,Active,9.27,
2673,1483,Loan,ACC002673,CHN001,Chennai,2021-03-09,Active,13.58,
2674,1484,Savings,ACC002674,LKN001,Lucknow,2021-05-02,Active,3.5,
2675,1485,Savings,ACC002675,PUN001,Pune,2016-01-17,Dormant,3.5,
2676,1486,Loan,ACC002676,AHM001,Ahmedabad,2020-08-10,Active,12.51,
2677,1487,FD,ACC002677,PUN001,Pune,2019-07-27,Dormant,6.8,
2678,1487,Savings,ACC002678,JAI001,Jaipur,2023-09-10,Active,3.5,
2679,1488,Current,ACC002679,MUM001,Mumbai,2018-04-03,Active,2.0,300000
2680,1489,Savings,ACC002680,CHN001,Chennai,2022-08-23,Active,3.5,
2681,1489,FD,ACC002681,BLR001,Bangalore,2020-08-16,Active,6.8,
2682,1490,Loan,ACC002682,BLR001,Bangalore,2018-10-20,Active,11.74,
2683,1490,CC,ACC002683,AHM001,Ahmedabad,2015-06-13,Dormant,36.0,500000
2684,1491,Current,ACC002684,LKN001,Lucknow,2015-11-04,Closed,2.0,500000
2685,1492,Savings,ACC002685,BLR001,Bangalore,2023-08-05,Dormant,3.5,
2686,1493,Savings,ACC002686,DEL001,Delhi,2020-02-06,Active,3.5,
2687,1493,CC,ACC002687,BLR001,Bangalore,2015-10-07,Active,36.0,100000
2688,1494,CC,ACC002688,HYD001,Hyderabad,2020-04-22,Closed,36.0,500000
2689,1495,FD,ACC002689,LKN001,Lucknow,2020-06-22,Active,6.8,
2690,1495,Savings,ACC002690,AHM001,Ahmedabad,2019-08-03,Dormant,3.5,
2691,1496,Loan,ACC002691,JAI001,Jaipur,2022-01-02,Closed,10.24,
2692,1497,Current,ACC002692,HYD001,Hyderabad,2022-08-27,Active,2.0,300000
2693,1497,CC,ACC002693,CHN001,Chennai,2022-11-06,Active,36.0,100000
2694,1498,FD,ACC002694,LKN001,Lucknow,2019-06-24,Dormant,6.8,
2695,1499,Savings,ACC002695,KOL001,Kolkata,2020-04-02,Active,3.5,
2696,1499,Loan,ACC002696,KOL001,Kolkata,2016-03-22,Active,12.39,
2697,1500,CC,ACC002697,CHN001,Chennai,2019-07-03,Active,36.0,500000
2698,1500,Current,ACC002698,CHN001,Chennai,2022-11-16,Active,2.0,500000
2699,1501,FD,ACC002699,KOL001,Kolkata,2016-08-19,Active,6.8,
2700,1502,Current,ACC002700,AHM001,Ahmedabad,2015-09-13,Dormant,2.0,500000
2701,1503,FD,ACC002701,CHN001,Chennai,2015-04-04,Closed,6.8,
2702,1503,Savings,ACC002702,HYD001,Hyderabad,2017-10-29,Active,3.5,
2703,1504,CC,ACC002703,DEL001,Delhi,2018-05-06,Dormant,36.0,500000
2704,1505,Loan,ACC002704,BLR001,Bangalore,2015-08-09,Active,13.41,
2705,1506,Loan,ACC002705,BLR001,Bangalore,2017-03-24,Active,10.51,
2706,1507,FD,ACC002706,AHM001,Ahmedabad,2018-12-23,Dormant,6.8,
2707,1508,Current,ACC002707,DEL001,Delhi,2023-02-08,Active,2.0,500000
2708,1508,FD,ACC002708,PUN001,Pune,2015-02-28,Active,6.8,
2709,1509,Loan,ACC002709,DEL001,Delhi,2023-11-19,Closed,10.44,
2710,1510,Savings,ACC002710,KOL001,Kolkata,2016-05-29,Active,3.5,
2711,1511,Savings,ACC002711,CHN001,Chennai,2023-05-13,Closed,3.5,
2712,1512,FD,ACC002712,LKN001,Lucknow,2019-03-27,Active,6.8,
2713,1513,Current,ACC002713,MUM001,Mumbai,2019-02-25,Active,2.0,500000
2714,1514,Savings,ACC002714,KOL001,Kolkata,2022-04-11,Closed,3.5,
2715,1515,Current,ACC002715,AHM001,Ahmedabad,2020-11-12,Closed,2.0,300000
2716,1516,Loan,ACC002716,BLR001,Bangalore,2021-03-14,Active,11.26,
2717,1517,CC,ACC002717,HYD001,Hyderabad,2022-11-15,Active,36.0,100000
2718,1518,Savings,ACC002718,MUM001,Mumbai,2021-11-29,Dormant,3.5,
2719,1518,Current,ACC002719,LKN001,Lucknow,2021-02-09,Active,2.0,1000000
2720,1519,Loan,ACC002720,CHN001,Chennai,2017-07-01,Active,11.31,
2721,1519,CC,ACC002721,DEL001,Delhi,2017-03-12,Dormant,36.0,300000
2722,1520,CC,ACC002722,AHM001,Ahmedabad,2015-02-01,Dormant,36.0,300000
2723,1520,Current,ACC002723,HYD001,Hyderabad,2022-05-21,Active,2.0,500000
2724,1521,Savings,ACC002724,MUM001,Mumbai,2015-03-05,Active,3.5,
2725,1521,CC,ACC002725,JAI001,Jaipur,2023-04-25,Active,36.0,500000
2726,1522,CC,ACC002726,CHN001,Chennai,2021-11-29,Active,36.0,500000
2727,1523,CC,ACC002727,BLR001,Bangalore,2019-07-10,Dormant,36.0,500000
2728,1524,FD,ACC002728,JAI001,Jaipur,2016-04-29,Active,6.8,
2729,1525,Loan,ACC002729,PUN001,Pune,2017-04-14,Active,8.15,
2730,1525,FD,ACC002730,MUM001,Mumbai,2022-01-19,Active,6.8,
2731,1526,Current,ACC002731,LKN001,Lucknow,2019-04-16,Active,2.0,500000
2732,1526,Savings,ACC002732,PUN001,Pune,2017-02-03,Active,3.5,
2733,1527,Current,ACC002733,CHN001,Chennai,2023-02-22,Active,2.0,500000
2734,1528,Loan,ACC002734,BLR001,Bangalore,2022-01-13,Active,13.91,
2735,1528,Savings,ACC002735,DEL001,Delhi,2016-03-30,Active,3.5,
2736,1529,Loan,ACC002736,HYD001,Hyderabad,2017-01-09,Active,10.97,
2737,1530,FD,ACC002737,AHM001,Ahmedabad,2016-02-17,Active,6.8,
2738,1531,Savings,ACC002738,CHN001,Chennai,2022-09-16,Active,3.5,
2739,1532,CC,ACC002739,BLR001,Bangalore,2018-05-08,Active,36.0,100000
2740,1532,FD,ACC002740,DEL001,Delhi,2018-11-05,Closed,6.8,
2741,1533,Current,ACC002741,BLR001,Bangalore,2020-11-07,Active,2.0,300000
2742,1533,Savings,ACC002742,LKN001,Lucknow,2015-05-02,Active,3.5,
2743,1534,FD,ACC002743,DEL001,Delhi,2017-06-07,Active,6.8,
2744,1534,Loan,ACC002744,DEL001,Delhi,2023-02-28,Active,8.76,
2745,1535,FD,ACC002745,DEL001,Delhi,2018-11-28,Active,6.8,
2746,1536,CC,ACC002746,AHM001,Ahmedabad,2020-09-30,Dormant,36.0,300000
2747,1537,Loan,ACC002747,AHM001,Ahmedabad,2016-02-26,Active,12.6,
2748,1538,FD,ACC002748,KOL001,Kolkata,2019-11-11,Dormant,6.8,
2749,1539,Loan,ACC002749,LKN001,Lucknow,2019-04-18,Active,11.4,
2750,1539,Savings,ACC002750,PUN001,Pune,2022-02-04,Active,3.5,
2751,1540,Current,ACC002751,LKN001,Lucknow,2019-08-06,Active,2.0,1000000
2752,1540,Loan,ACC002752,JAI001,Jaipur,2018-12-13,Active,8.69,
2753,1541,CC,ACC002753,PUN001,Pune,2017-10-01,Active,36.0,300000
2754,1541,FD,ACC002754,BLR001,Bangalore,2023-09-28,Active,6.8,
2755,1542,Loan,ACC002755,KOL001,Kolkata,2021-05-13,Active,13.39,
2756,1542,FD,ACC002756,JAI001,Jaipur,2015-09-29,Active,6.8,
2757,1543,Savings,ACC002757,JAI001,Jaipur,2018-02-12,Active,3.5,
2758,1544,Savings,ACC002758,AHM001,Ahmedabad,2018-07-25,Active,3.5,
2759,1544,CC,ACC002759,MUM001,Mumbai,2020-07-16,Active,36.0,500000
2760,1545,CC,ACC002760,BLR001,Bangalore,2021-09-29,Active,36.0,100000
2761,1546,Current,ACC002761,MUM001,Mumbai,2020-03-06,Active,2.0,500000
2762,1547,Current,ACC002762,JAI001,Jaipur,2015-06-10,Active,2.0,500000
2763,1548,CC,ACC002763,HYD001,Hyderabad,2018-01-30,Active,36.0,100000
2764,1549,Loan,ACC002764,KOL001,Kolkata,2021-11-13,Active,9.79,
2765,1550,CC,ACC002765,PUN001,Pune,2021-12-06,Active,36.0,100000
2766,1550,Savings,ACC002766,BLR001,Bangalore,2016-03-06,Closed,3.5,
2767,1551,FD,ACC002767,DEL001,Delhi,2017-02-21,Active,6.8,
2768,1551,Current,ACC002768,JAI001,Jaipur,2015-01-21,Dormant,2.0,500000
2769,1552,Savings,ACC002769,MUM001,Mumbai,2018-05-31,Active,3.5,
2770,1552,Current,ACC002770,LKN001,Lucknow,2023-11-17,Active,2.0,300000
2771,1553,Current,ACC002771,DEL001,Delhi,2016-06-01,Active,2.0,1000000
2772,1553,CC,ACC002772,AHM001,Ahmedabad,2022-02-21,Active,36.0,200000
2773,1554,CC,ACC002773,HYD001,Hyderabad,2018-08-11,Active,36.0,100000
2774,1555,Loan,ACC002774,DEL001,Delhi,2018-12-16,Active,13.24,
2775,1556,FD,ACC002775,DEL001,Delhi,2020-07-18,Active,6.8,
2776,1556,Savings,ACC002776,CHN001,Chennai,2020-04-01,Active,3.5,
2777,1557,FD,ACC002777,LKN001,Lucknow,2023-07-17,Active,6.8,
2778,1558,Loan,ACC002778,BLR001,Bangalore,2020-08-28,Active,8.78,
2779,1558,CC,ACC002779,PUN001,Pune,2019-04-29,Closed,36.0,200000
2780,1559,FD,ACC002780,HYD001,Hyderabad,2019-09-29,Active,6.8,
2781,1559,Savings,ACC002781,LKN001,Lucknow,2022-04-09,Active,3.5,
2782,1560,Savings,ACC002782,CHN001,Chennai,2015-03-09,Dormant,3.5,
2783,1561,Current,ACC002783,KOL001,Kolkata,2018-12-12,Active,2.0,300000
2784,1562,FD,ACC002784,BLR001,Bangalore,2019-06-14,Active,6.8,
2785,1563,Loan,ACC002785,PUN001,Pune,2016-02-05,Active,10.3,
2786,1564,FD,ACC002786,CHN001,Chennai,2019-07-08,Active,6.8,
2787,1564,Loan,ACC002787,LKN001,Lucknow,2020-07-14,Active,8.66,
2788,1565,FD,ACC002788,DEL001,Delhi,2017-06-18,Active,6.8,
2789,1566,FD,ACC002789,DEL001,Delhi,2020-12-19,Active,6.8,
2790,1567,CC,ACC002790,AHM001,Ahmedabad,2016-02-19,Active,36.0,300000
2791,1567,Current,ACC002791,KOL001,Kolkata,2017-04-22,Active,2.0,1000000
2792,1568,Current,ACC002792,HYD001,Hyderabad,2023-03-25,Active,2.0,1000000
2793,1569,Loan,ACC002793,BLR001,Bangalore,2018-07-14,Active,9.0,
2794,1569,FD,ACC002794,PUN001,Pune,2020-02-08,Active,6.8,
2795,1570,Loan,ACC002795,MUM001,Mumbai,2016-12-28,Closed,13.29,
2796,1571,Savings,ACC002796,LKN001,Lucknow,2018-12-13,Closed,3.5,
2797,1572,FD,ACC002797,KOL001,Kolkata,2016-03-24,Active,6.8,
2798,1573,Loan,ACC002798,JAI001,Jaipur,2020-08-22,Active,8.88,
2799,1573,FD,ACC002799,DEL001,Delhi,2016-02-14,Active,6.8,
2800,1574,Loan,ACC002800,JAI001,Jaipur,2017-11-20,Active,9.52,
2801,1575,Loan,ACC002801,HYD001,Hyderabad,2022-12-18,Active,11.11,
2802,1576,Current,ACC002802,DEL001,Delhi,2018-01-10,Active,2.0,300000
2803,1576,CC,ACC002803,BLR001,Bangalore,2019-08-08,Dormant,36.0,200000
2804,1577,Savings,ACC002804,CHN001,Chennai,2021-06-23,Active,3.5,
2805,1578,Savings,ACC002805,CHN001,Chennai,2019-03-28,Active,3.5,
2806,1579,Current,ACC002806,JAI001,Jaipur,2016-12-17,Active,2.0,500000
2807,1579,CC,ACC002807,AHM001,Ahmedabad,2021-08-10,Active,36.0,300000
2808,1580,Current,ACC002808,JAI001,Jaipur,2022-11-14,Active,2.0,500000
2809,1581,Current,ACC002809,HYD001,Hyderabad,2016-03-27,Closed,2.0,1000000
2810,1581,Loan,ACC002810,BLR001,Bangalore,2020-03-25,Active,11.14,
2811,1582,Current,ACC002811,BLR001,Bangalore,2018-05-28,Active,2.0,500000
2812,1583,Savings,ACC002812,CHN001,Chennai,2018-03-05,Active,3.5,
2813,1584,Savings,ACC002813,AHM001,Ahmedabad,2018-12-13,Active,3.5,
2814,1585,Loan,ACC002814,HYD001,Hyderabad,2023-10-22,Dormant,11.99,
2815,1586,FD,ACC002815,HYD001,Hyderabad,2016-08-07,Closed,6.8,
2816,1586,Savings,ACC002816,LKN001,Lucknow,2015-11-27,Active,3.5,
2817,1587,FD,ACC002817,AHM001,Ahmedabad,2019-06-23,Closed,6.8,
2818,1587,CC,ACC002818,HYD001,Hyderabad,2018-05-22,Active,36.0,500000
2819,1588,Loan,ACC002819,CHN001,Chennai,2017-10-21,Active,11.33,
2820,1588,FD,ACC002820,HYD001,Hyderabad,2018-06-03,Active,6.8,
2821,1589,Current,ACC002821,AHM001,Ahmedabad,2023-10-10,Dormant,2.0,300000
2822,1589,FD,ACC002822,JAI001,Jaipur,2019-12-16,Active,6.8,
2823,1590,Loan,ACC002823,PUN001,Pune,2019-10-18,Active,13.77,
2824,1590,CC,ACC002824,KOL001,Kolkata,2015-04-24,Dormant,36.0,500000
2825,1591,FD,ACC002825,LKN001,Lucknow,2018-05-23,Active,6.8,
2826,1592,Current,ACC002826,JAI001,Jaipur,2021-05-05,Dormant,2.0,500000
2827,1593,Savings,ACC002827,KOL001,Kolkata,2023-07-23,Dormant,3.5,
2828,1594,Savings,ACC002828,HYD001,Hyderabad,2022-04-15,Active,3.5,
2829,1595,Current,ACC002829,PUN001,Pune,2015-09-07,Active,2.0,1000000
2830,1595,CC,ACC002830,MUM001,Mumbai,2022-11-13,Active,36.0,500000
2831,1596,FD,ACC002831,HYD001,Hyderabad,2022-01-17,Active,6.8,
2832,1597,CC,ACC002832,LKN001,Lucknow,2022-09-18,Active,36.0,200000
2833,1598,Savings,ACC002833,CHN001,Chennai,2017-04-16,Active,3.5,
2834,1598,Current,ACC002834,JAI001,Jaipur,2019-12-23,Active,2.0,500000
2835,1599,FD,ACC002835,CHN001,Chennai,2021-02-17,Active,6.8,
2836,1600,Current,ACC002836,DEL001,Delhi,2019-11-06,Active,2.0,300000
2837,1601,FD,ACC002837,JAI001,Jaipur,2023-04-26,Active,6.8,
2838,1601,Current,ACC002838,KOL001,Kolkata,2018-04-02,Active,2.0,1000000
2839,1602,Loan,ACC002839,AHM001,Ahmedabad,2019-04-30,Active,8.64,
2840,1603,CC,ACC002840,BLR001,Bangalore,2015-04-25,Active,36.0,500000
2841,1604,Loan,ACC002841,MUM001,Mumbai,2022-03-27,Active,11.94,
2842,1605,Loan,ACC002842,BLR001,Bangalore,2020-03-31,Dormant,10.75,
2843,1606,FD,ACC002843,PUN001,Pune,2020-08-12,Dormant,6.8,
2844,1607,Current,ACC002844,AHM001,Ahmedabad,2020-10-02,Active,2.0,500000
2845,1608,Current,ACC002845,KOL001,Kolkata,2023-01-08,Dormant,2.0,1000000
2846,1608,Loan,ACC002846,HYD001,Hyderabad,2019-06-02,Active,13.04,
2847,1609,CC,ACC002847,LKN001,Lucknow,2022-05-23,Active,36.0,300000
2848,1610,Loan,ACC002848,LKN001,Lucknow,2021-07-06,Active,11.7,
2849,1611,Savings,ACC002849,MUM001,Mumbai,2023-03-21,Active,3.5,
2850,1612,CC,ACC002850,PUN001,Pune,2023-07-10,Active,36.0,200000
2851,1613,FD,ACC002851,AHM001,Ahmedabad,2023-06-23,Closed,6.8,
2852,1614,Loan,ACC002852,DEL001,Delhi,2015-06-03,Active,8.44,
2853,1615,Current,ACC002853,BLR001,Bangalore,2018-08-08,Active,2.0,300000
2854,1615,Savings,ACC002854,LKN001,Lucknow,2021-03-29,Active,3.5,
2855,1616,Loan,ACC002855,CHN001,Chennai,2017-04-04,Active,10.6,
2856,1617,FD,ACC002856,DEL001,Delhi,2021-07-12,Active,6.8,
2857,1618,Savings,ACC002857,BLR001,Bangalore,2015-01-22,Active,3.5,
2858,1619,Savings,ACC002858,PUN001,Pune,2017-01-29,Active,3.5,
2859,1620,Current,ACC002859,CHN001,Chennai,2017-04-29,Active,2.0,500000
2860,1620,CC,ACC002860,PUN001,Pune,2021-12-08,Dormant,36.0,100000
2861,1621,CC,ACC002861,DEL001,Delhi,2021-05-20,Active,36.0,300000
2862,1622,CC,ACC002862,CHN001,Chennai,2015-07-30,Active,36.0,200000
2863,1623,Loan,ACC002863,AHM001,Ahmedabad,2022-11-20,Active,13.23,
2864,1623,Current,ACC002864,BLR001,Bangalore,2018-03-25,Active,2.0,1000000
2865,1624,Current,ACC002865,AHM001,Ahmedabad,2021-12-08,Active,2.0,300000
2866,1624,Loan,ACC002866,LKN001,Lucknow,2020-04-13,Dormant,13.91,
2867,1625,Savings,ACC002867,AHM001,Ahmedabad,2017-12-04,Active,3.5,
2868,1625,Loan,ACC002868,MUM001,Mumbai,2016-07-24,Active,12.9,
2869,1626,Savings,ACC002869,CHN001,Chennai,2020-07-14,Active,3.5,
2870,1627,Savings,ACC002870,DEL001,Delhi,2019-09-01,Active,3.5,
2871,1627,Loan,ACC002871,DEL001,Delhi,2021-03-08,Active,8.78,
2872,1628,Savings,ACC002872,KOL001,Kolkata,2020-09-10,Active,3.5,
2873,1628,Current,ACC002873,KOL001,Kolkata,2018-05-27,Active,2.0,300000
2874,1629,Savings,ACC002874,MUM001,Mumbai,2023-09-04,Active,3.5,
2875,1630,CC,ACC002875,JAI001,Jaipur,2020-05-28,Active,36.0,200000
2876,1630,Savings,ACC002876,AHM001,Ahmedabad,2022-11-12,Active,3.5,
2877,1631,Current,ACC002877,PUN001,Pune,2018-12-11,Active,2.0,300000
2878,1632,Savings,ACC002878,LKN001,Lucknow,2015-02-11,Active,3.5,
2879,1633,Current,ACC002879,MUM001,Mumbai,2023-01-27,Active,2.0,300000
2880,1633,Savings,ACC002880,BLR001,Bangalore,2019-12-02,Active,3.5,
2881,1634,FD,ACC002881,HYD001,Hyderabad,2016-06-15,Active,6.8,
2882,1635,Savings,ACC002882,DEL001,Delhi,2017-10-21,Dormant,3.5,
2883,1636,Loan,ACC002883,KOL001,Kolkata,2022-12-30,Active,10.2,
2884,1636,FD,ACC002884,JAI001,Jaipur,2018-04-13,Dormant,6.8,
2885,1637,Loan,ACC002885,MUM001,Mumbai,2018-11-20,Dormant,12.23,
2886,1637,Savings,ACC002886,LKN001,Lucknow,2020-06-14,Active,3.5,
2887,1638,Current,ACC002887,CHN001,Chennai,2018-06-03,Active,2.0,500000
2888,1639,FD,ACC002888,CHN001,Chennai,2022-10-31,Active,6.8,
2889,1639,Savings,ACC002889,DEL001,Delhi,2015-03-29,Active,3.5,
2890,1640,CC,ACC002890,HYD001,Hyderabad,2015-12-13,Active,36.0,500000
2891,1641,CC,ACC002891,AHM001,Ahmedabad,2019-12-24,Active,36.0,200000
2892,1642,Current,ACC002892,HYD001,Hyderabad,2015-05-09,Active,2.0,300000
2893,1642,Savings,ACC002893,LKN001,Lucknow,2023-06-18,Dormant,3.5,
2894,1643,Current,ACC002894,MUM001,Mumbai,2018-10-28,Active,2.0,500000
2895,1643,FD,ACC002895,MUM001,Mumbai,2016-03-23,Active,6.8,
2896,1644,Loan,ACC002896,AHM001,Ahmedabad,2021-06-03,Active,12.61,
2897,1644,CC,ACC002897,HYD001,Hyderabad,2016-10-27,Closed,36.0,200000
2898,1645,Savings,ACC002898,HYD001,Hyderabad,2023-12-20,Active,3.5,
2899,1646,Current,ACC002899,PUN001,Pune,2021-05-28,Active,2.0,500000
2900,1646,Loan,ACC002900,HYD001,Hyderabad,2022-05-24,Active,11.92,
2901,1647,Savings,ACC002901,HYD001,Hyderabad,2021-05-17,Active,3.5,
2902,1647,Current,ACC002902,BLR001,Bangalore,2019-12-23,Active,2.0,500000
2903,1648,Loan,ACC002903,KOL001,Kolkata,2022-02-25,Active,9.31,
2904,1649,Savings,ACC002904,HYD001,Hyderabad,2021-11-04,Active,3.5,
2905,1650,Loan,ACC002905,HYD001,Hyderabad,2017-11-29,Dormant,8.76,
2906,1651,FD,ACC002906,CHN001,Chennai,2016-04-13,Active,6.8,
2907,1651,Savings,ACC002907,JAI001,Jaipur,2019-12-09,Active,3.5,
2908,1652,Savings,ACC002908,HYD001,Hyderabad,2015-03-08,Active,3.5,
2909,1652,Loan,ACC002909,PUN001,Pune,2021-01-22,Active,11.6,
2910,1653,Savings,ACC002910,JAI001,Jaipur,2019-12-23,Active,3.5,
2911,1654,Current,ACC002911,PUN001,Pune,2022-08-21,Active,2.0,500000
2912,1655,Loan,ACC002912,LKN001,Lucknow,2023-11-03,Active,13.85,
2913,1656,Loan,ACC002913,HYD001,Hyderabad,2021-12-22,Active,10.21,
2914,1656,CC,ACC002914,HYD001,Hyderabad,2016-09-06,Dormant,36.0,200000
2915,1657,Current,ACC002915,CHN001,Chennai,2019-04-01,Active,2.0,1000000
2916,1657,Loan,ACC002916,BLR001,Bangalore,2019-04-10,Active,11.9,
2917,1658,FD,ACC002917,JAI001,Jaipur,2023-03-22,Active,6.8,
2918,1658,CC,ACC002918,MUM001,Mumbai,2021-10-22,Active,36.0,500000
2919,1659,FD,ACC002919,LKN001,Lucknow,2018-04-15,Dormant,6.8,
2920,1660,Loan,ACC002920,KOL001,Kolkata,2018-07-13,Active,8.69,
2921,1660,FD,ACC002921,CHN001,Chennai,2019-12-28,Active,6.8,
2922,1661,Loan,ACC002922,JAI001,Jaipur,2020-09-02,Active,10.17,
2923,1662,FD,ACC002923,KOL001,Kolkata,2023-10-26,Active,6.8,
2924,1663,FD,ACC002924,AHM001,Ahmedabad,2022-07-24,Active,6.8,
2925,1663,Current,ACC002925,HYD001,Hyderabad,2023-12-04,Active,2.0,300000
2926,1664,Current,ACC002926,BLR001,Bangalore,2021-06-17,Active,2.0,300000
2927,1665,CC,ACC002927,BLR001,Bangalore,2016-05-09,Active,36.0,500000
2928,1665,Savings,ACC002928,DEL001,Delhi,2016-06-01,Dormant,3.5,
2929,1666,FD,ACC002929,DEL001,Delhi,2016-06-26,Active,6.8,
2930,1667,CC,ACC002930,PUN001,Pune,2016-06-06,Active,36.0,300000
2931,1668,Loan,ACC002931,LKN001,Lucknow,2021-10-29,Active,13.96,
2932,1669,Loan,ACC002932,KOL001,Kolkata,2019-08-02,Active,12.44,
2933,1670,CC,ACC002933,BLR001,Bangalore,2023-03-24,Active,36.0,100000
2934,1671,Savings,ACC002934,LKN001,Lucknow,2021-08-26,Active,3.5,
2935,1672,CC,ACC002935,BLR001,Bangalore,2020-09-14,Active,36.0,100000
2936,1673,CC,ACC002936,PUN001,Pune,2015-07-17,Active,36.0,500000
2937,1674,CC,ACC002937,PUN001,Pune,2023-06-29,Active,36.0,200000
2938,1675,Loan,ACC002938,LKN001,Lucknow,2021-11-25,Active,10.08,
2939,1676,Loan,ACC002939,HYD001,Hyderabad,2020-06-16,Active,13.31,
2940,1677,Loan,ACC002940,LKN001,Lucknow,2023-06-14,Active,9.39,
2941,1678,Savings,ACC002941,CHN001,Chennai,2021-03-11,Active,3.5,
2942,1679,Savings,ACC002942,JAI001,Jaipur,2021-01-12,Active,3.5,
2943,1680,Savings,ACC002943,CHN001,Chennai,2018-02-28,Dormant,3.5,
2944,1680,Loan,ACC002944,KOL001,Kolkata,2020-11-03,Active,10.72,
2945,1681,Savings,ACC002945,AHM001,Ahmedabad,2020-07-13,Active,3.5,
2946,1681,CC,ACC002946,HYD001,Hyderabad,2023-03-16,Active,36.0,100000
2947,1682,FD,ACC002947,PUN001,Pune,2016-10-03,Active,6.8,
2948,1682,Savings,ACC002948,JAI001,Jaipur,2022-07-15,Active,3.5,
2949,1683,Savings,ACC002949,AHM001,Ahmedabad,2016-02-16,Dormant,3.5,
2950,1684,Current,ACC002950,MUM001,Mumbai,2022-02-11,Active,2.0,1000000
2951,1685,FD,ACC002951,CHN001,Chennai,2017-12-22,Active,6.8,
2952,1686,CC,ACC002952,HYD001,Hyderabad,2016-06-23,Active,36.0,200000
2953,1687,Savings,ACC002953,KOL001,Kolkata,2021-04-03,Active,3.5,
2954,1688,Loan,ACC002954,LKN001,Lucknow,2019-04-07,Active,9.41,
2955,1689,Current,ACC002955,BLR001,Bangalore,2018-05-14,Active,2.0,1000000
2956,1690,CC,ACC002956,LKN001,Lucknow,2019-01-02,Active,36.0,200000
2957,1691,Loan,ACC002957,AHM001,Ahmedabad,2020-01-06,Active,11.97,
2958,1692,CC,ACC002958,PUN001,Pune,2022-05-29,Active,36.0,200000
2959,1693,CC,ACC002959,LKN001,Lucknow,2019-08-15,Active,36.0,300000
2960,1693,Current,ACC002960,JAI001,Jaipur,2017-05-31,Dormant,2.0,300000
2961,1694,Loan,ACC002961,HYD001,Hyderabad,2022-07-27,Active,10.35,
2962,1695,CC,ACC002962,HYD001,Hyderabad,2015-08-12,Active,36.0,300000
2963,1696,Savings,ACC002963,KOL001,Kolkata,2019-08-06,Active,3.5,
2964,1696,Loan,ACC002964,JAI001,Jaipur,2017-04-24,Active,8.66,
2965,1697,Current,ACC002965,BLR001,Bangalore,2021-10-13,Active,2.0,300000
2966,1697,Loan,ACC002966,AHM001,Ahmedabad,2016-01-05,Active,10.0,
2967,1698,Current,ACC002967,DEL001,Delhi,2022-05-06,Active,2.0,1000000
2968,1699,FD,ACC002968,JAI001,Jaipur,2019-06-09,Dormant,6.8,
2969,1700,Loan,ACC002969,AHM001,Ahmedabad,2017-06-02,Active,9.49,
2970,1700,Current,ACC002970,MUM001,Mumbai,2015-05-28,Active,2.0,1000000
2971,1701,CC,ACC002971,KOL001,Kolkata,2015-06-23,Active,36.0,200000
2972,1702,FD,ACC002972,HYD001,Hyderabad,2023-05-30,Active,6.8,
2973,1702,Savings,ACC002973,AHM001,Ahmedabad,2016-06-21,Active,3.5,
2974,1703,Savings,ACC002974,JAI001,Jaipur,2023-02-05,Active,3.5,
2975,1703,Current,ACC002975,MUM001,Mumbai,2015-03-02,Active,2.0,300000
2976,1704,Current,ACC002976,AHM001,Ahmedabad,2017-03-06,Active,2.0,500000
2977,1705,Savings,ACC002977,HYD001,Hyderabad,2018-01-27,Active,3.5,
2978,1706,Current,ACC002978,AHM001,Ahmedabad,2018-04-07,Active,2.0,500000
2979,1706,CC,ACC002979,JAI001,Jaipur,2018-02-14,Active,36.0,200000
2980,1707,CC,ACC002980,AHM001,Ahmedabad,2019-03-07,Active,36.0,500000
2981,1708,Savings,ACC002981,AHM001,Ahmedabad,2023-08-25,Active,3.5,
2982,1709,Loan,ACC002982,PUN001,Pune,2016-08-11,Active,13.85,
2983,1710,FD,ACC002983,CHN001,Chennai,2020-06-29,Active,6.8,
2984,1711,CC,ACC002984,JAI001,Jaipur,2023-02-09,Active,36.0,100000
2985,1712,Loan,ACC002985,HYD001,Hyderabad,2023-04-22,Active,8.9,
2986,1712,CC,ACC002986,PUN001,Pune,2022-09-23,Active,36.0,100000
2987,1713,FD,ACC002987,JAI001,Jaipur,2023-11-30,Active,6.8,
2988,1714,FD,ACC002988,KOL001,Kolkata,2022-12-13,Active,6.8,
2989,1714,Loan,ACC002989,DEL001,Delhi,2016-03-06,Active,8.47,
2990,1715,Savings,ACC002990,BLR001,Bangalore,2020-10-30,Active,3.5,
2991,1716,Savings,ACC002991,MUM001,Mumbai,2019-10-04,Active,3.5,
2992,1717,FD,ACC002992,JAI001,Jaipur,2019-09-09,Active,6.8,
2993,1718,Loan,ACC002993,HYD001,Hyderabad,2020-11-10,Active,13.34,
2994,1719,FD,ACC002994,BLR001,Bangalore,2018-04-03,Active,6.8,
2995,1720,Loan,ACC002995,KOL001,Kolkata,2020-03-10,Active,9.98,
2996,1720,Current,ACC002996,BLR001,Bangalore,2016-11-03,Active,2.0,300000
2997,1721,FD,ACC002997,BLR001,Bangalore,2020-04-11,Active,6.8,
2998,1722,FD,ACC002998,CHN001,Chennai,2022-10-13,Active,6.8,
2999,1723,Current,ACC002999,KOL001,Kolkata,2021-08-31,Active,2.0,1000000
3000,1724,Loan,ACC003000,CHN001,Chennai,2018-01-29,Active,13.47,
3001,1724,Savings,ACC003001,AHM001,Ahmedabad,2021-07-21,Active,3.5,
3002,1725,Loan,ACC003002,DEL001,Delhi,2021-08-24,Active,12.38,
3003,1725,FD,ACC003003,HYD001,Hyderabad,2016-12-31,Active,6.8,
3004,1726,Current,ACC003004,PUN001,Pune,2021-06-15,Active,2.0,500000
3005,1726,CC,ACC003005,LKN001,Lucknow,2022-07-01,Dormant,36.0,100000
3006,1727,FD,ACC003006,LKN001,Lucknow,2016-08-23,Active,6.8,
3007,1727,Savings,ACC003007,MUM001,Mumbai,2018-08-17,Active,3.5,
3008,1728,CC,ACC003008,AHM001,Ahmedabad,2022-06-16,Active,36.0,100000
3009,1729,CC,ACC003009,AHM001,Ahmedabad,2023-09-05,Active,36.0,300000
3010,1730,Loan,ACC003010,LKN001,Lucknow,2017-05-26,Closed,13.67,
3011,1730,Savings,ACC003011,HYD001,Hyderabad,2022-12-23,Active,3.5,
3012,1731,Loan,ACC003012,DEL001,Delhi,2021-04-04,Dormant,11.91,
3013,1732,Loan,ACC003013,KOL001,Kolkata,2023-08-23,Active,12.37,
3014,1733,Current,ACC003014,CHN001,Chennai,2019-04-16,Active,2.0,300000
3015,1734,Loan,ACC003015,JAI001,Jaipur,2017-03-09,Active,9.86,
3016,1735,Loan,ACC003016,HYD001,Hyderabad,2020-08-21,Dormant,11.64,
3017,1736,Loan,ACC003017,KOL001,Kolkata,2019-06-20,Active,12.17,
3018,1737,Savings,ACC003018,LKN001,Lucknow,2015-05-05,Dormant,3.5,
3019,1738,CC,ACC003019,BLR001,Bangalore,2020-04-23,Active,36.0,100000
3020,1738,Current,ACC003020,MUM001,Mumbai,2019-02-22,Active,2.0,300000
3021,1739,FD,ACC003021,DEL001,Delhi,2019-09-15,Active,6.8,
3022,1739,Current,ACC003022,KOL001,Kolkata,2022-02-24,Active,2.0,1000000
3023,1740,FD,ACC003023,LKN001,Lucknow,2023-04-09,Active,6.8,
3024,1741,Loan,ACC003024,LKN001,Lucknow,2023-02-05,Dormant,11.1,
3025,1741,FD,ACC003025,AHM001,Ahmedabad,2019-09-02,Active,6.8,
3026,1742,Current,ACC003026,BLR001,Bangalore,2023-03-05,Active,2.0,300000
3027,1743,FD,ACC003027,JAI001,Jaipur,2019-08-04,Active,6.8,
3028,1744,Savings,ACC003028,HYD001,Hyderabad,2021-04-15,Active,3.5,
3029,1744,Loan,ACC003029,LKN001,Lucknow,2022-10-23,Active,13.58,
3030,1745,Savings,ACC003030,BLR001,Bangalore,2023-03-08,Active,3.5,
3031,1746,Savings,ACC003031,MUM001,Mumbai,2017-06-09,Active,3.5,
3032,1746,FD,ACC003032,CHN001,Chennai,2018-06-14,Active,6.8,
3033,1747,FD,ACC003033,HYD001,Hyderabad,2015-08-07,Active,6.8,
3034,1747,Current,ACC003034,HYD001,Hyderabad,2016-07-29,Active,2.0,300000
3035,1748,FD,ACC003035,BLR001,Bangalore,2018-04-23,Active,6.8,
3036,1749,Loan,ACC003036,LKN001,Lucknow,2019-01-29,Active,11.85,
3037,1750,FD,ACC003037,MUM001,Mumbai,2021-07-25,Active,6.8,
3038,1751,CC,ACC003038,PUN001,Pune,2022-03-31,Active,36.0,200000
3039,1752,Current,ACC003039,JAI001,Jaipur,2023-05-02,Active,2.0,300000
3040,1753,CC,ACC003040,HYD001,Hyderabad,2015-05-09,Dormant,36.0,200000
3041,1754,CC,ACC003041,LKN001,Lucknow,2018-08-15,Active,36.0,100000
3042,1755,Savings,ACC003042,PUN001,Pune,2015-02-02,Active,3.5,
3043,1756,Savings,ACC003043,BLR001,Bangalore,2019-01-06,Active,3.5,
3044,1757,Savings,ACC003044,KOL001,Kolkata,2021-11-30,Active,3.5,
3045,1758,CC,ACC003045,KOL001,Kolkata,2017-09-24,Active,36.0,300000
3046,1759,CC,ACC003046,HYD001,Hyderabad,2015-06-14,Closed,36.0,100000
3047,1760,Loan,ACC003047,LKN001,Lucknow,2019-06-30,Active,8.98,
3048,1761,Loan,ACC003048,LKN001,Lucknow,2022-10-28,Dormant,9.19,
3049,1762,FD,ACC003049,PUN001,Pune,2023-11-04,Closed,6.8,
3050,1762,Current,ACC003050,HYD001,Hyderabad,2023-11-22,Active,2.0,500000
3051,1763,CC,ACC003051,MUM001,Mumbai,2022-05-21,Active,36.0,300000
3052,1764,FD,ACC003052,CHN001,Chennai,2017-04-12,Active,6.8,
3053,1765,Current,ACC003053,PUN001,Pune,2015-01-21,Active,2.0,500000
3054,1766,CC,ACC003054,CHN001,Chennai,2020-04-18,Active,36.0,200000
3055,1767,Savings,ACC003055,BLR001,Bangalore,2018-07-27,Active,3.5,
3056,1767,CC,ACC003056,PUN001,Pune,2018-03-05,Active,36.0,500000
3057,1768,Current,ACC003057,DEL001,Delhi,2018-11-21,Active,2.0,1000000
3058,1769,Current,ACC003058,BLR001,Bangalore,2023-08-12,Active,2.0,1000000
3059,1770,Current,ACC003059,DEL001,Delhi,2022-03-29,Active,2.0,300000
3060,1770,CC,ACC003060,CHN001,Chennai,2018-05-21,Active,36.0,200000
3061,1771,Loan,ACC003061,HYD001,Hyderabad,2019-05-04,Active,10.88,
3062,1772,CC,ACC003062,BLR001,Bangalore,2016-10-31,Active,36.0,100000
3063,1773,Savings,ACC003063,PUN001,Pune,2022-09-11,Active,3.5,
3064,1774,Savings,ACC003064,BLR001,Bangalore,2018-07-30,Active,3.5,
3065,1775,Savings,ACC003065,AHM001,Ahmedabad,2019-09-27,Active,3.5,
3066,1775,CC,ACC003066,HYD001,Hyderabad,2023-04-28,Active,36.0,500000
3067,1776,CC,ACC003067,PUN001,Pune,2020-12-31,Closed,36.0,200000
3068,1777,Current,ACC003068,DEL001,Delhi,2016-09-07,Active,2.0,1000000
3069,1777,CC,ACC003069,LKN001,Lucknow,2017-11-22,Active,36.0,500000
3070,1778,CC,ACC003070,HYD001,Hyderabad,2015-06-13,Active,36.0,300000
3071,1779,Current,ACC003071,PUN001,Pune,2017-10-30,Active,2.0,300000
3072,1780,FD,ACC003072,HYD001,Hyderabad,2019-01-01,Active,6.8,
3073,1781,Savings,ACC003073,LKN001,Lucknow,2016-04-02,Active,3.5,
3074,1782,FD,ACC003074,DEL001,Delhi,2020-12-31,Active,6.8,
3075,1782,Current,ACC003075,KOL001,Kolkata,2019-11-01,Dormant,2.0,500000
3076,1783,FD,ACC003076,MUM001,Mumbai,2015-11-10,Active,6.8,
3077,1783,CC,ACC003077,LKN001,Lucknow,2023-02-12,Active,36.0,500000
3078,1784,Savings,ACC003078,PUN001,Pune,2022-02-21,Active,3.5,
3079,1785,Loan,ACC003079,DEL001,Delhi,2019-11-11,Closed,12.76,
3080,1786,Loan,ACC003080,LKN001,Lucknow,2020-10-06,Active,12.76,
3081,1787,Savings,ACC003081,LKN001,Lucknow,2020-04-21,Active,3.5,
3082,1787,Loan,ACC003082,HYD001,Hyderabad,2023-05-18,Active,9.11,
3083,1788,Savings,ACC003083,LKN001,Lucknow,2019-06-21,Dormant,3.5,
3084,1789,CC,ACC003084,CHN001,Chennai,2015-03-18,Active,36.0,300000
3085,1790,Current,ACC003085,PUN001,Pune,2016-02-02,Active,2.0,500000
3086,1791,Current,ACC003086,HYD001,Hyderabad,2023-03-02,Active,2.0,1000000
3087,1792,Current,ACC003087,PUN001,Pune,2021-01-26,Active,2.0,300000
3088,1793,Loan,ACC003088,PUN001,Pune,2019-12-26,Active,13.13,
3089,1794,Current,ACC003089,BLR001,Bangalore,2022-07-19,Active,2.0,1000000
3090,1795,Savings,ACC003090,JAI001,Jaipur,2018-11-15,Active,3.5,
3091,1795,CC,ACC003091,JAI001,Jaipur,2019-02-21,Active,36.0,500000
3092,1796,Savings,ACC003092,LKN001,Lucknow,2021-07-23,Active,3.5,
3093,1796,FD,ACC003093,AHM001,Ahmedabad,2019-08-29,Closed,6.8,
3094,1797,Current,ACC003094,CHN001,Chennai,2019-03-18,Dormant,2.0,1000000
3095,1797,CC,ACC003095,DEL001,Delhi,2016-02-02,Active,36.0,100000
3096,1798,FD,ACC003096,BLR001,Bangalore,2023-08-08,Active,6.8,
3097,1799,CC,ACC003097,PUN001,Pune,2023-06-05,Active,36.0,300000
3098,1800,Loan,ACC003098,DEL001,Delhi,2022-06-13,Dormant,13.76,
3099,1801,Loan,ACC003099,CHN001,Chennai,2019-07-13,Active,10.78,
3100,1801,CC,ACC003100,KOL001,Kolkata,2016-10-04,Dormant,36.0,300000
3101,1802,Loan,ACC003101,KOL001,Kolkata,2022-05-11,Active,13.44,
3102,1803,CC,ACC003102,AHM001,Ahmedabad,2019-08-08,Active,36.0,200000
3103,1804,Current,ACC003103,JAI001,Jaipur,2015-11-26,Active,2.0,300000
3104,1805,FD,ACC003104,BLR001,Bangalore,2021-05-20,Active,6.8,
3105,1806,Savings,ACC003105,JAI001,Jaipur,2020-09-25,Dormant,3.5,
3106,1806,CC,ACC003106,BLR001,Bangalore,2020-02-19,Active,36.0,200000
3107,1807,FD,ACC003107,PUN001,Pune,2016-06-27,Active,6.8,
3108,1808,CC,ACC003108,KOL001,Kolkata,2017-09-30,Active,36.0,200000
3109,1809,CC,ACC003109,LKN001,Lucknow,2018-09-18,Dormant,36.0,200000
3110,1809,Savings,ACC003110,KOL001,Kolkata,2023-02-05,Closed,3.5,
3111,1810,CC,ACC003111,JAI001,Jaipur,2020-04-09,Dormant,36.0,500000
3112,1811,Current,ACC003112,LKN001,Lucknow,2022-04-04,Closed,2.0,500000
3113,1811,Savings,ACC003113,KOL001,Kolkata,2023-02-21,Active,3.5,
3114,1812,Savings,ACC003114,AHM001,Ahmedabad,2023-01-14,Dormant,3.5,
3115,1812,Loan,ACC003115,KOL001,Kolkata,2019-10-22,Active,8.62,
3116,1813,Current,ACC003116,BLR001,Bangalore,2019-02-10,Active,2.0,300000
3117,1813,Savings,ACC003117,KOL001,Kolkata,2017-05-10,Active,3.5,
3118,1814,CC,ACC003118,CHN001,Chennai,2023-06-28,Active,36.0,500000
3119,1814,Current,ACC003119,PUN001,Pune,2023-10-31,Active,2.0,500000
3120,1815,FD,ACC003120,BLR001,Bangalore,2020-11-07,Active,6.8,
3121,1816,Loan,ACC003121,HYD001,Hyderabad,2018-06-10,Dormant,8.95,
3122,1817,CC,ACC003122,HYD001,Hyderabad,2016-09-24,Active,36.0,200000
3123,1817,Current,ACC003123,LKN001,Lucknow,2018-04-12,Dormant,2.0,300000
3124,1818,FD,ACC003124,LKN001,Lucknow,2018-05-25,Active,6.8,
3125,1819,Current,ACC003125,JAI001,Jaipur,2019-07-21,Active,2.0,500000
3126,1820,Current,ACC003126,JAI001,Jaipur,2019-03-14,Active,2.0,1000000
3127,1820,Loan,ACC003127,BLR001,Bangalore,2020-11-21,Active,10.9,
3128,1821,Savings,ACC003128,PUN001,Pune,2017-07-09,Active,3.5,
3129,1822,Savings,ACC003129,CHN001,Chennai,2018-12-31,Active,3.5,
3130,1823,Savings,ACC003130,CHN001,Chennai,2019-01-29,Active,3.5,
3131,1823,FD,ACC003131,DEL001,Delhi,2018-09-11,Active,6.8,
3132,1824,Current,ACC003132,MUM001,Mumbai,2020-01-04,Active,2.0,500000
3133,1824,Savings,ACC003133,BLR001,Bangalore,2022-09-26,Dormant,3.5,
3134,1825,CC,ACC003134,BLR001,Bangalore,2015-06-14,Closed,36.0,300000
3135,1826,FD,ACC003135,DEL001,Delhi,2016-06-26,Active,6.8,
3136,1827,Current,ACC003136,LKN001,Lucknow,2020-05-08,Active,2.0,300000
3137,1828,Savings,ACC003137,CHN001,Chennai,2020-05-13,Active,3.5,
3138,1829,Current,ACC003138,LKN001,Lucknow,2017-05-30,Active,2.0,300000
3139,1830,Savings,ACC003139,KOL001,Kolkata,2023-09-20,Active,3.5,
3140,1831,CC,ACC003140,HYD001,Hyderabad,2023-06-18,Active,36.0,200000
3141,1831,Savings,ACC003141,PUN001,Pune,2020-09-08,Active,3.5,
3142,1832,Loan,ACC003142,PUN001,Pune,2018-02-01,Active,11.02,
3143,1832,FD,ACC003143,KOL001,Kolkata,2016-04-01,Closed,6.8,
3144,1833,Loan,ACC003144,JAI001,Jaipur,2020-04-11,Active,9.07,
3145,1834,Loan,ACC003145,KOL001,Kolkata,2018-11-03,Active,11.23,
3146,1834,Savings,ACC003146,BLR001,Bangalore,2017-03-03,Active,3.5,
3147,1835,Current,ACC003147,HYD001,Hyderabad,2018-08-03,Active,2.0,1000000
3148,1836,Current,ACC003148,CHN001,Chennai,2021-05-27,Active,2.0,300000
3149,1837,FD,ACC003149,LKN001,Lucknow,2022-06-06,Active,6.8,
3150,1837,Current,ACC003150,KOL001,Kolkata,2022-04-30,Active,2.0,1000000
3151,1838,Loan,ACC003151,KOL001,Kolkata,2018-05-28,Active,9.84,
3152,1839,Loan,ACC003152,HYD001,Hyderabad,2019-10-09,Active,12.58,
3153,1839,CC,ACC003153,MUM001,Mumbai,2023-07-20,Dormant,36.0,500000
3154,1840,FD,ACC003154,KOL001,Kolkata,2023-08-08,Active,6.8,
3155,1841,Loan,ACC003155,HYD001,Hyderabad,2019-03-10,Active,10.56,
3156,1842,Current,ACC003156,JAI001,Jaipur,2023-04-16,Active,2.0,1000000
3157,1843,Loan,ACC003157,DEL001,Delhi,2015-11-01,Active,9.95,
3158,1844,Current,ACC003158,KOL001,Kolkata,2015-07-08,Active,2.0,1000000
3159,1845,Loan,ACC003159,LKN001,Lucknow,2021-07-28,Active,8.61,
3160,1846,Loan,ACC003160,KOL001,Kolkata,2018-03-10,Active,8.81,
3161,1846,Current,ACC003161,DEL001,Delhi,2018-08-22,Closed,2.0,300000
3162,1847,Current,ACC003162,LKN001,Lucknow,2017-03-30,Active,2.0,500000
3163,1847,Loan,ACC003163,LKN001,Lucknow,2021-02-16,Active,9.56,
3164,1848,Loan,ACC003164,MUM001,Mumbai,2016-07-29,Active,8.41,
3165,1849,Loan,ACC003165,KOL001,Kolkata,2023-05-19,Dormant,9.1,
3166,1849,Current,ACC003166,KOL001,Kolkata,2017-07-21,Active,2.0,1000000
3167,1850,Loan,ACC003167,LKN001,Lucknow,2023-05-21,Dormant,8.84,
3168,1850,Current,ACC003168,AHM001,Ahmedabad,2019-10-17,Active,2.0,300000
3169,1851,Savings,ACC003169,MUM001,Mumbai,2021-05-06,Active,3.5,
3170,1851,Loan,ACC003170,JAI001,Jaipur,2023-12-14,Active,11.23,
3171,1852,Loan,ACC003171,DEL001,Delhi,2023-03-28,Active,8.55,
3172,1853,Savings,ACC003172,JAI001,Jaipur,2016-10-10,Active,3.5,
3173,1854,CC,ACC003173,LKN001,Lucknow,2022-04-17,Closed,36.0,500000
3174,1855,CC,ACC003174,BLR001,Bangalore,2022-04-18,Active,36.0,300000
3175,1855,Current,ACC003175,KOL001,Kolkata,2020-12-01,Active,2.0,500000
3176,1856,CC,ACC003176,MUM001,Mumbai,2021-12-29,Active,36.0,200000
3177,1856,Loan,ACC003177,PUN001,Pune,2019-10-16,Active,13.13,
3178,1857,Loan,ACC003178,JAI001,Jaipur,2020-02-18,Active,9.2,
3179,1858,Loan,ACC003179,CHN001,Chennai,2023-09-02,Active,9.85,
3180,1858,FD,ACC003180,DEL001,Delhi,2015-04-18,Active,6.8,
3181,1859,FD,ACC003181,JAI001,Jaipur,2018-11-28,Closed,6.8,
3182,1860,FD,ACC003182,CHN001,Chennai,2017-04-06,Active,6.8,
3183,1861,FD,ACC003183,PUN001,Pune,2015-04-22,Active,6.8,
3184,1862,CC,ACC003184,MUM001,Mumbai,2019-12-24,Dormant,36.0,200000
3185,1863,CC,ACC003185,KOL001,Kolkata,2019-06-24,Active,36.0,100000
3186,1864,FD,ACC003186,JAI001,Jaipur,2021-06-26,Active,6.8,
3187,1865,Savings,ACC003187,LKN001,Lucknow,2019-01-07,Active,3.5,
3188,1865,CC,ACC003188,CHN001,Chennai,2017-05-11,Closed,36.0,300000
3189,1866,Current,ACC003189,DEL001,Delhi,2020-02-15,Active,2.0,500000
3190,1867,Savings,ACC003190,PUN001,Pune,2019-01-16,Dormant,3.5,
3191,1868,Loan,ACC003191,CHN001,Chennai,2022-11-12,Active,11.86,
3192,1869,CC,ACC003192,MUM001,Mumbai,2018-01-30,Active,36.0,100000
3193,1870,FD,ACC003193,BLR001,Bangalore,2021-05-01,Active,6.8,
3194,1871,CC,ACC003194,MUM001,Mumbai,2015-09-08,Active,36.0,300000
3195,1872,CC,ACC003195,BLR001,Bangalore,2019-09-14,Active,36.0,200000
3196,1873,FD,ACC003196,DEL001,Delhi,2023-10-27,Active,6.8,
3197,1873,Loan,ACC003197,HYD001,Hyderabad,2019-07-12,Active,13.45,
3198,1874,Loan,ACC003198,MUM001,Mumbai,2023-10-14,Active,8.17,
3199,1875,FD,ACC003199,AHM001,Ahmedabad,2015-07-10,Active,6.8,
3200,1876,FD,ACC003200,DEL001,Delhi,2015-03-03,Active,6.8,
3201,1876,Current,ACC003201,AHM001,Ahmedabad,2015-09-29,Active,2.0,500000
3202,1877,Current,ACC003202,BLR001,Bangalore,2021-10-06,Active,2.0,500000
3203,1877,CC,ACC003203,KOL001,Kolkata,2017-11-18,Active,36.0,300000
3204,1878,Savings,ACC003204,KOL001,Kolkata,2023-05-25,Active,3.5,
3205,1878,CC,ACC003205,BLR001,Bangalore,2017-06-17,Active,36.0,200000
3206,1879,Savings,ACC003206,DEL001,Delhi,2023-01-16,Active,3.5,
3207,1880,FD,ACC003207,HYD001,Hyderabad,2017-01-26,Active,6.8,
3208,1881,CC,ACC003208,BLR001,Bangalore,2018-09-05,Active,36.0,100000
3209,1881,Loan,ACC003209,AHM001,Ahmedabad,2022-02-01,Active,9.19,
3210,1882,FD,ACC003210,MUM001,Mumbai,2023-11-30,Active,6.8,
3211,1883,CC,ACC003211,KOL001,Kolkata,2018-11-09,Active,36.0,500000
3212,1884,FD,ACC003212,KOL001,Kolkata,2021-12-19,Active,6.8,
3213,1885,Current,ACC003213,PUN001,Pune,2017-02-02,Active,2.0,500000
3214,1885,Loan,ACC003214,JAI001,Jaipur,2020-02-13,Active,12.01,
3215,1886,Current,ACC003215,HYD001,Hyderabad,2015-09-16,Active,2.0,300000
3216,1887,FD,ACC003216,CHN001,Chennai,2020-02-17,Active,6.8,
3217,1887,Savings,ACC003217,HYD001,Hyderabad,2016-06-01,Dormant,3.5,
3218,1888,Savings,ACC003218,JAI001,Jaipur,2017-01-17,Active,3.5,
3219,1889,FD,ACC003219,CHN001,Chennai,2023-09-14,Active,6.8,
3220,1889,Current,ACC003220,PUN001,Pune,2020-11-22,Active,2.0,1000000
3221,1890,Current,ACC003221,PUN001,Pune,2021-01-18,Active,2.0,1000000
3222,1891,FD,ACC003222,DEL001,Delhi,2022-08-18,Active,6.8,
3223,1892,FD,ACC003223,CHN001,Chennai,2018-02-14,Active,6.8,
3224,1892,CC,ACC003224,AHM001,Ahmedabad,2018-04-29,Active,36.0,500000
3225,1893,CC,ACC003225,BLR001,Bangalore,2023-02-03,Dormant,36.0,300000
3226,1893,Loan,ACC003226,JAI001,Jaipur,2022-06-29,Active,13.54,
3227,1894,Savings,ACC003227,AHM001,Ahmedabad,2016-07-28,Active,3.5,
3228,1894,Current,ACC003228,CHN001,Chennai,2019-05-22,Active,2.0,500000
3229,1895,FD,ACC003229,PUN001,Pune,2015-10-16,Active,6.8,
3230,1896,CC,ACC003230,DEL001,Delhi,2023-02-21,Active,36.0,200000
3231,1897,FD,ACC003231,HYD001,Hyderabad,2023-07-13,Active,6.8,
3232,1898,Current,ACC003232,DEL001,Delhi,2023-08-27,Active,2.0,1000000
3233,1899,Savings,ACC003233,JAI001,Jaipur,2023-05-01,Active,3.5,
3234,1900,Loan,ACC003234,MUM001,Mumbai,2019-04-12,Active,9.53,
3235,1900,Current,ACC003235,KOL001,Kolkata,2019-10-11,Active,2.0,1000000
